gene,mutation,mutation_kind,final_status,evidence_code,normalized,in_who2023_R,in_adlard2025_R
Rv0678,RV0678_MMPL5_INTERGENIC:G160T,regulatory,LOSS_OF_FUNCTION,NEGATIVE_LOF_REVIEWED,REG:Rv0678@160G>T,,
Rv0678,RV0678_MMPL5_INTERGENIC:C163T,regulatory,LOSS_OF_FUNCTION,NEGATIVE_LOF_REVIEWED,REG:Rv0678@163C>T,,
Rv0678,RV0678_MMPL5_INTERGENIC:C162T,regulatory,LOSS_OF_FUNCTION,NEGATIVE_LOF_REVIEWED,REG:Rv0678@162C>T,,
Rv0678,RV0678_MMPL5_INTERGENIC:G191A,regulatory,LOSS_OF_FUNCTION,NEGATIVE_LOF_REVIEWED,REG:Rv0678@191G>A,,
Rv0678,RV0678_MMPL5_INTERGENIC:T31C,regulatory,LOSS_OF_FUNCTION,NEGATIVE_LOF_REVIEWED,REG:Rv0678@31T>C,,
Rv0678,RV0678_MMPL5_INTERGENIC:T149A,regulatory,LOSS_OF_FUNCTION,NEGATIVE_LOF_REVIEWED,REG:Rv0678@149T>A,,
Rv0678,RV0678_MMPL5_INTERGENIC:C323A,regulatory,LOSS_OF_FUNCTION,NEGATIVE_LOF_REVIEWED,REG:Rv0678@323C>A,,
Rv0678,RV0678_MMPL5_INTERGENIC:A382C,regulatory,LOSS_OF_FUNCTION,NEGATIVE_LOF_REVIEWED,REG:Rv0678@382A>C,,
Rv0678,RV0678_MMPL5_INTERGENIC:T197A,regulatory,LOSS_OF_FUNCTION,NEGATIVE_LOF_REVIEWED,REG:Rv0678@197T>A,,
Rv0678,RV0678_MMPL5_INTERGENIC:A373T,regulatory,LOSS_OF_FUNCTION,NEGATIVE_LOF_REVIEWED,REG:Rv0678@373A>T,,
Rv0678,RV0678_MMPL5_INTERGENIC:A151T,regulatory,LOSS_OF_FUNCTION,NEGATIVE_LOF_REVIEWED,REG:Rv0678@151A>T,,
Rv0678,RV0678_MMPL5_INTERGENIC:A376T,regulatory,LOSS_OF_FUNCTION,NEGATIVE_LOF_REVIEWED,REG:Rv0678@376A>T,,
Rv0678,RV0678_MMPL5_INTERGENIC:G110A,regulatory,LOSS_OF_FUNCTION,NEGATIVE_LOF_REVIEWED,REG:Rv0678@110G>A,,
Rv0678,RV0678_MMPL5_INTERGENIC:C71A,regulatory,LOSS_OF_FUNCTION,NEGATIVE_LOF_REVIEWED,REG:Rv0678@71C>A,,
Rv0678,RV0678_MMPL5_INTERGENIC:A379T,regulatory,LOSS_OF_FUNCTION,NEGATIVE_LOF_REVIEWED,REG:Rv0678@379A>T,,
Rv0678,RV0678_MMPL5_INTERGENIC:C362G,regulatory,LOSS_OF_FUNCTION,NEGATIVE_LOF_REVIEWED,REG:Rv0678@362C>G,,
Rv0678,RV0678_MMPL5_INTERGENIC:G114T,regulatory,LOSS_OF_FUNCTION,NEGATIVE_LOF_REVIEWED,REG:Rv0678@114G>T,,
Rv0678,RV0678_MMPL5_INTERGENIC:G83A,regulatory,LOSS_OF_FUNCTION,NEGATIVE_LOF_REVIEWED,REG:Rv0678@83G>A,,
Rv0678,RV0678_MMPL5_INTERGENIC:A367T,regulatory,LOSS_OF_FUNCTION,NEGATIVE_LOF_REVIEWED,REG:Rv0678@367A>T,,
Rv0678,RV0678_MMPL5_INTERGENIC:G370T,regulatory,LOSS_OF_FUNCTION,NEGATIVE_LOF_REVIEWED,REG:Rv0678@370G>T,,
Rv0678,RV0678_MMPL5_INTERGENIC:A382T,regulatory,LOSS_OF_FUNCTION,NEGATIVE_LOF_REVIEWED,REG:Rv0678@382A>T,,
Rv0678,RV0678_MMPL5_INTERGENIC:A164T,regulatory,LOSS_OF_FUNCTION,NEGATIVE_LOF_REVIEWED,REG:Rv0678@164A>T,,
Rv0678,RV0678_MMPL5_INTERGENIC:A385T,regulatory,LOSS_OF_FUNCTION,NEGATIVE_LOF_REVIEWED,REG:Rv0678@385A>T,,
Rv0678,RV0678_MMPL5_INTERGENIC:A388C,regulatory,LOSS_OF_FUNCTION,NEGATIVE_LOF_REVIEWED,REG:Rv0678@388A>C,,
Rv0678,RV0678_MMPL5_INTERGENIC:G167T,regulatory,LOSS_OF_FUNCTION,NEGATIVE_LOF_REVIEWED,REG:Rv0678@167G>T,,
Rv0678,L39*,truncating,LOSS_OF_FUNCTION,NEGATIVE_LOF_SIGNATURE,Rv0678@L39!,,
Rv0678,R38*,truncating,LOSS_OF_FUNCTION,NEGATIVE_LOF_SIGNATURE,Rv0678@R38!,Y,
Rv0678,L32*,truncating,LOSS_OF_FUNCTION,NEGATIVE_LOF_SIGNATURE,Rv0678@L32!,,
Rv0678,E28*,truncating,LOSS_OF_FUNCTION,NEGATIVE_LOF_SIGNATURE,Rv0678@E28!,,
Rv0678,L35*,truncating,LOSS_OF_FUNCTION,NEGATIVE_LOF_SIGNATURE,Rv0678@L35!,,
Rv0678,Y26*,truncating,LOSS_OF_FUNCTION,NEGATIVE_LOF_SIGNATURE,Rv0678@Y26!,,
Rv0678,Q22*,truncating,LOSS_OF_FUNCTION,NEGATIVE_LOF_SIGNATURE,Rv0678@Q22!,Y,
Rv0678,E21*,truncating,LOSS_OF_FUNCTION,NEGATIVE_LOF_SIGNATURE,Rv0678@E21!,,
Rv0678,W42*,truncating,LOSS_OF_FUNCTION,NEGATIVE_LOF_SIGNATURE,Rv0678@W42!,Y,
Rv0678,L40*,truncating,LOSS_OF_FUNCTION,NEGATIVE_LOF_SIGNATURE,Rv0678@L40!,,
Rv0678,E18*,truncating,LOSS_OF_FUNCTION,NEGATIVE_LOF_SIGNATURE,Rv0678@E18!,,
Rv0678,E106*,truncating,LOSS_OF_FUNCTION,NEGATIVE_LOF_SIGNATURE,Rv0678@E106!,,
Rv0678,Q115*,truncating,LOSS_OF_FUNCTION,NEGATIVE_LOF_SIGNATURE,Rv0678@Q115!,Y,Y
Rv0678,E55*,truncating,LOSS_OF_FUNCTION,NEGATIVE_LOF_SIGNATURE,Rv0678@E55!,,
Rv0678,R134*,truncating,LOSS_OF_FUNCTION,NEGATIVE_LOF_SIGNATURE,Rv0678@R134!,Y,Y
Rv0678,E104*,truncating,LOSS_OF_FUNCTION,NEGATIVE_LOF_SIGNATURE,Rv0678@E104!,,
Rv0678,E138*,truncating,LOSS_OF_FUNCTION,NEGATIVE_LOF_SIGNATURE,Rv0678@E138!,Y,
Rv0678,E49*,truncating,LOSS_OF_FUNCTION,NEGATIVE_LOF_SIGNATURE,Rv0678@E49!,,
Rv0678,Q51*,truncating,LOSS_OF_FUNCTION,NEGATIVE_LOF_SIGNATURE,Rv0678@Q51!,,
Rv0678,L95*,truncating,LOSS_OF_FUNCTION,NEGATIVE_LOF_SIGNATURE,Rv0678@L95!,,
Rv0678,E13*,truncating,LOSS_OF_FUNCTION,NEGATIVE_LOF_SIGNATURE,Rv0678@E13!,,
Rv0678,E54*,truncating,LOSS_OF_FUNCTION,NEGATIVE_LOF_SIGNATURE,Rv0678@E54!,,
Rv0678,Q131*,truncating,LOSS_OF_FUNCTION,NEGATIVE_LOF_SIGNATURE,Rv0678@Q131!,,
Rv0678,R132*,truncating,LOSS_OF_FUNCTION,NEGATIVE_LOF_SIGNATURE,Rv0678@R132!,Y,
Rv0678,E81*,truncating,LOSS_OF_FUNCTION,NEGATIVE_LOF_SIGNATURE,Rv0678@E81!,,
atpE,K81*,truncating,COMPLETED,ATP_SYNTHASE_COMPENSATION,atpE@K81!,,
atpE,D28A,coding_substitution,COMPLETED,ATP_SYNTHASE_COMPENSATION,atpE@D28A,Y,
atpE,D28G,coding_substitution,COMPLETED,ATP_SYNTHASE_COMPENSATION,atpE@D28G,Y,
atpE,A63P,coding_substitution,COMPLETED,ATP_SYNTHASE_COMPENSATION,atpE@A63P,Y,Y
atpE,E61D,coding_substitution,COMPLETED,ATP_SYNTHASE_COMPENSATION,atpE@E61D,Y,
atpE,I66M,coding_substitution,COMPLETED,ATP_SYNTHASE_COMPENSATION,atpE@I66M,Y,Y
atpE,D2E,coding_substitution,COMPLETED,ATP_SYNTHASE_COMPENSATION,atpE@D2E,,
atpE,I26L,coding_substitution,COMPLETED,ATP_SYNTHASE_COMPENSATION,atpE@I26L,,
atpE,V39L,coding_substitution,COMPLETED,ATP_SYNTHASE_COMPENSATION,atpE@V39L,,
atpE,I5F,coding_substitution,COMPLETED,ATP_SYNTHASE_COMPENSATION,atpE@I5F,,
atpE,P52S,coding_substitution,COMPLETED,ATP_SYNTHASE_COMPENSATION,atpE@P52S,,
atpE,V80L,coding_substitution,COMPLETED,ATP_SYNTHASE_COMPENSATION,atpE@V80L,,
atpE,I55L,coding_substitution,COMPLETED,ATP_SYNTHASE_COMPENSATION,atpE@I55L,,
atpE,L59M,coding_substitution,COMPLETED,ATP_SYNTHASE_COMPENSATION,atpE@L59M,,
atpE,M1K,coding_substitution,COMPLETED,ATP_SYNTHASE_COMPENSATION,atpE@M1K,,
atpE,A18S,coding_substitution,COMPLETED,ATP_SYNTHASE_COMPENSATION,atpE@A18S,,
atpE,A7T,coding_substitution,COMPLETED,ATP_SYNTHASE_COMPENSATION,atpE@A7T,,
atpE,I22L,coding_substitution,COMPLETED,ATP_SYNTHASE_COMPENSATION,atpE@I22L,,
atpE,A9T,coding_substitution,COMPLETED,ATP_SYNTHASE_COMPENSATION,atpE@A9T,,
atpE,V80F,coding_substitution,COMPLETED,ATP_SYNTHASE_COMPENSATION,atpE@V80F,,
atpE,P3H,coding_substitution,COMPLETED,ATP_SYNTHASE_COMPENSATION,atpE@P3H,,
atpE,A77V,coding_substitution,COMPLETED,ATP_SYNTHASE_COMPENSATION,atpE@A77V,,
atpE,P3A,coding_substitution,COMPLETED,ATP_SYNTHASE_COMPENSATION,atpE@P3A,,
atpE,T4S,coding_substitution,COMPLETED,ATP_SYNTHASE_COMPENSATION,atpE@T4S,,
atpE,G13S,coding_substitution,COMPLETED,ATP_SYNTHASE_COMPENSATION,atpE@G13S,,
pepQ,DEFAULT_AROUND_START:A22T,regulatory,LOSS_OF_FUNCTION,NEGATIVE_LOF_REVIEWED,REG:pepQ@22A>T,,
pepQ,G126*,truncating,LOSS_OF_FUNCTION,NEGATIVE_LOF_SIGNATURE,pepQ@G126!,,
pepQ,Y229*,truncating,LOSS_OF_FUNCTION,NEGATIVE_LOF_SIGNATURE,pepQ@Y229!,,
pepQ,K11*,truncating,LOSS_OF_FUNCTION,NEGATIVE_LOF_SIGNATURE,pepQ@K11!,,
pepQ,Q13*,truncating,LOSS_OF_FUNCTION,NEGATIVE_LOF_SIGNATURE,pepQ@Q13!,,
pepQ,L19*,truncating,LOSS_OF_FUNCTION,NEGATIVE_LOF_SIGNATURE,pepQ@L19!,,
pepQ,R7*,truncating,LOSS_OF_FUNCTION,NEGATIVE_LOF_SIGNATURE,pepQ@R7!,,
pepQ,K9*,truncating,LOSS_OF_FUNCTION,NEGATIVE_LOF_SIGNATURE,pepQ@K9!,,
pepQ,G293*,truncating,LOSS_OF_FUNCTION,NEGATIVE_LOF_SIGNATURE,pepQ@G293!,,
pepQ,E325*,truncating,LOSS_OF_FUNCTION,NEGATIVE_LOF_SIGNATURE,pepQ@E325!,,
pepQ,Y32*,truncating,LOSS_OF_FUNCTION,NEGATIVE_LOF_SIGNATURE,pepQ@Y32!,,
pepQ,G295*,truncating,LOSS_OF_FUNCTION,NEGATIVE_LOF_SIGNATURE,pepQ@G295!,,
pepQ,R31*,truncating,LOSS_OF_FUNCTION,NEGATIVE_LOF_SIGNATURE,pepQ@R31!,,
pepQ,E89*,truncating,LOSS_OF_FUNCTION,NEGATIVE_LOF_SIGNATURE,pepQ@E89!,,
pepQ,E339*,truncating,LOSS_OF_FUNCTION,NEGATIVE_LOF_SIGNATURE,pepQ@E339!,,
pepQ,L342*,truncating,LOSS_OF_FUNCTION,NEGATIVE_LOF_SIGNATURE,pepQ@L342!,,
pepQ,Y286*,truncating,LOSS_OF_FUNCTION,NEGATIVE_LOF_SIGNATURE,pepQ@Y286!,,
pepQ,E353*,truncating,LOSS_OF_FUNCTION,NEGATIVE_LOF_SIGNATURE,pepQ@E353!,,
pepQ,L362*,truncating,LOSS_OF_FUNCTION,NEGATIVE_LOF_SIGNATURE,pepQ@L362!,,
pepQ,K350*,truncating,LOSS_OF_FUNCTION,NEGATIVE_LOF_SIGNATURE,pepQ@K350!,,
pepQ,L330*,truncating,LOSS_OF_FUNCTION,NEGATIVE_LOF_SIGNATURE,pepQ@L330!,,
pepQ,L361*,truncating,LOSS_OF_FUNCTION,NEGATIVE_LOF_SIGNATURE,pepQ@L361!,,
pepQ,Y329*,truncating,LOSS_OF_FUNCTION,NEGATIVE_LOF_SIGNATURE,pepQ@Y329!,,
pepQ,Q357*,truncating,LOSS_OF_FUNCTION,NEGATIVE_LOF_SIGNATURE,pepQ@Q357!,,
pepQ,E360*,truncating,LOSS_OF_FUNCTION,NEGATIVE_LOF_SIGNATURE,pepQ@E360!,,
pepQ,E288*,truncating,LOSS_OF_FUNCTION,NEGATIVE_LOF_SIGNATURE,pepQ@E288!,,
