panel_role,gene,mutation,mechanism_axis,who_row_id,who_grade,who_truth,mutation_class,benchmark_role,amr_hunter_prediction,matched_status,correct,gap_reason,evidence_code,source_statuses,source_title,source_url,source_support,paper_use
target_site_positive_control,atpE,p.Ala63Pro,ATP synthase target-site mutation,9,G2,R,protein_substitution,primary,R,matched_final,true,,ATP_SYNTHASE_COMPENSATION,COMPLETED|PENDING,WHO 2023 TB mutation catalogue; Andries et al. 2014 PLOS ONE,https://www.who.int/publications/i/item/9789240082410; https://journals.plos.org/plosone/article?id=10.1371%2Fjournal.pone.0102135,WHO exact resistant catalogue row; literature supports atpE target-based BDQ resistance mechanisms.,main text sanity-check example
target_site_positive_control,atpE,p.Ile66Met,ATP synthase target-site mutation,16,G2,R,protein_substitution,primary,R,matched_final,true,,ATP_SYNTHASE_COMPENSATION,COMPLETED|PENDING,WHO 2023 TB mutation catalogue; Andries et al. 2014 PLOS ONE,https://www.who.int/publications/i/item/9789240082410; https://journals.plos.org/plosone/article?id=10.1371%2Fjournal.pone.0102135,WHO exact resistant catalogue row; literature supports atpE target-based BDQ resistance mechanisms.,supplementary sanity-check example
target_site_positive_control,atpE,p.Glu61Asp,ATP synthase target-site mutation,15,G2,R,protein_substitution,primary,R,matched_final,true,,ATP_SYNTHASE_COMPENSATION,COMPLETED|PENDING,WHO 2023 TB mutation catalogue; Andries et al. 2014 PLOS ONE,https://www.who.int/publications/i/item/9789240082410; https://journals.plos.org/plosone/article?id=10.1371%2Fjournal.pone.0102135,WHO exact resistant catalogue row; literature supports atpE target-based BDQ resistance mechanisms.,supplementary sanity-check example
rv0678_efflux_positive_control,Rv0678,p.Gly121Arg,Rv0678/MmpS5-MmpL5 efflux regulation,1079,G1,R,protein_substitution,primary,R,matched_final,true,,NEGATIVE_LOF_REVIEWED,LOSS_OF_FUNCTION|PENDING,WHO 2023 TB mutation catalogue; Andries et al. 2014 PLOS ONE,https://www.who.int/publications/i/item/9789240082410; https://journals.plos.org/plosone/article?id=10.1371%2Fjournal.pone.0102135,WHO exact resistant catalogue row; literature links Rv0678 mutations to BDQ MIC increases and MmpS5-MmpL5 upregulation.,main text sanity-check example
rv0678_efflux_positive_control,Rv0678,p.Leu117Arg,Rv0678/MmpS5-MmpL5 efflux regulation,1104,G1,R,protein_substitution,primary,R,matched_final,true,,NEGATIVE_LOF_REVIEWED,LOSS_OF_FUNCTION|PENDING,WHO 2023 TB mutation catalogue; Andries et al. 2014 PLOS ONE,https://www.who.int/publications/i/item/9789240082410; https://journals.plos.org/plosone/article?id=10.1371%2Fjournal.pone.0102135,WHO exact resistant catalogue row; literature links Rv0678 mutations to BDQ MIC increases and MmpS5-MmpL5 upregulation.,supplementary sanity-check example
rv0678_lof_positive_control,Rv0678,p.Arg132*,Rv0678 loss-of-function / efflux derepression,995,G2,R,nonsense,primary,R,matched_final,true,,NEGATIVE_LOF_SIGNATURE,LOSS_OF_FUNCTION|PENDING,WHO 2023 TB mutation catalogue; Andries et al. 2014 PLOS ONE,https://www.who.int/publications/i/item/9789240082410; https://journals.plos.org/plosone/article?id=10.1371%2Fjournal.pone.0102135,WHO exact resistant catalogue row; literature supports Rv0678 disruption as BDQ resistance mechanism.,main text LoF sanity-check example
rv0678_gap_control,Rv0678,p.Asp47fs,Rv0678 loss-of-function / efflux derepression,1037,G1,R,frameshift,primary,,unmatched,false,unsupported_non_snp_variant,,,WHO 2023 TB mutation catalogue; Andries et al. 2014 PLOS ONE,https://www.who.int/publications/i/item/9789240082410; https://journals.plos.org/plosone/article?id=10.1371%2Fjournal.pone.0102135,WHO exact resistant catalogue row; literature supports Rv0678 disruption as BDQ resistance mechanism.,limitation example: known resistant frameshift not yet matched by final R/S export
pepq_lof_positive_control,pepQ,p.Gln5*,pepQ loss-of-function catalogue association,905,G2,R,nonsense,primary,R,matched_final,true,,NEGATIVE_LOF_SIGNATURE,LOSS_OF_FUNCTION|PENDING,WHO 2023 TB mutation catalogue,https://www.who.int/publications/i/item/9789240082410,WHO exact resistant catalogue row; use as catalogue-positive sanity check rather than independent phenotype validation.,supplementary sanity-check example
pepq_gap_control,pepQ,LoF,pepQ generic loss-of-function catalogue category,878,G2,R,generic_lof,primary,,unmatched,false,generic_lof_category,,,WHO 2023 TB mutation catalogue,https://www.who.int/publications/i/item/9789240082410,WHO exact resistant catalogue row; generic LoF category remains a documented current export gap.,limitation example: generic LoF category not directly executable as a single variant
