repeat,fold,rank,candidate,train_carriers,train_r_carriers,train_s_carriers,train_fn_carriers,train_r_fraction,train_odds_ratio_haldane,train_fisher_one_sided_p
1,1,1,Rv1979c:p.Arg409Gln,133,13,120,7,0.0977,17.130777,2.98667e-11
1,1,2,Rv1979c:p.Asp249Glu,4,3,1,3,0.7500,295.286604,2.07955e-06
1,2,1,Rv1979c:p.Arg409Gln,135,12,123,7,0.0889,14.789563,7.23005e-10
1,2,2,Rv1979c:p.Asp249Glu,3,3,0,3,1.0000,869.733945,5.51742e-07
1,2,3,glpK:c.1102C>T,10,3,7,2,0.3000,57.922324,6.35095e-05
1,3,1,Rv1979c:p.Arg409Gln,128,13,115,7,0.1016,17.483876,2.32218e-11
1,3,2,glpK:c.1102C>T,11,3,8,2,0.2727,51.100378,8.68084e-05
1,3,3,Rv1979c:p.Asp249Glu,3,2,1,2,0.6667,203.318318,0.000204325
1,4,1,Rv1979c:p.Arg409Gln,134,10,124,3,0.0746,11.802790,1.19305e-07
1,4,2,Rv1979c:p.Asp249Glu,3,2,1,2,0.6667,203.318318,0.000204325
1,4,3,glpK:c.1102C>T,8,2,6,1,0.2500,46.884962,0.00185645
1,5,1,Rv1979c:p.Arg409Gln,126,12,114,8,0.0952,15.976055,3.21303e-10
1,5,2,glpK:c.1102C>T,12,3,9,2,0.2500,45.721391,0.00011501
1,5,3,Rv1979c:p.Asp249Glu,3,2,1,2,0.6667,203.348348,0.000204265
2,1,1,Rv1979c:p.Arg409Gln,130,10,120,6,0.0769,12.464329,7.50186e-08
2,1,2,glpK:c.1102C>T,11,3,8,2,0.2727,52.055525,8.23478e-05
2,1,3,Rv1979c:p.Asp249Glu,3,2,1,2,0.6667,207.048930,0.000197233
2,2,1,Rv1979c:p.Arg409Gln,127,11,116,6,0.0866,14.128617,5.32632e-09
2,2,2,Rv1979c:p.Asp249Glu,2,2,0,2,1.0000,610.045045,6.84762e-05
2,2,3,glpK:c.1102C>T,12,3,9,2,0.2500,45.714631,0.000115059
2,3,1,Rv1979c:p.Arg409Gln,132,12,120,6,0.0909,15.164607,5.55854e-10
2,3,2,Rv1979c:p.Asp249Glu,4,3,1,3,0.7500,289.868502,2.19387e-06
2,3,3,glpK:c.1102C>T,10,3,7,2,0.3000,57.922324,6.35095e-05
2,4,1,Rv1979c:p.Arg409Gln,134,13,121,6,0.0970,16.605493,4.18145e-11
2,4,2,Rv1979c:p.Asp249Glu,3,2,1,2,0.6667,203.318318,0.000204325
2,5,1,Rv1979c:p.Arg409Gln,133,14,119,8,0.1053,18.559275,2.13749e-12
2,5,2,Rv1979c:p.Asp249Glu,4,3,1,3,0.7500,289.911315,2.19291e-06
2,5,3,glpK:c.1102C>T,10,2,8,1,0.2000,35.847907,0.00295088
3,1,1,Rv1979c:p.Arg409Gln,135,11,124,5,0.0815,13.495079,8.37699e-09
3,1,2,Rv1979c:p.Asp249Glu,4,3,1,3,0.7500,295.286604,2.07955e-06
3,1,3,glpK:c.1102C>T,10,3,7,2,0.3000,59.004984,6.02395e-05
3,2,1,Rv1979c:p.Arg409Gln,131,10,121,6,0.0763,12.099675,9.61801e-08
3,2,2,Rv1979c:p.Asp249Glu,3,2,1,2,0.6667,203.318318,0.000204325
3,2,3,glpK:c.1102C>T,11,2,9,1,0.1818,32.064960,0.00358837
3,3,1,Rv1979c:p.Arg409Gln,134,14,120,8,0.1045,18.399723,2.37724e-12
3,3,2,Rv1979c:p.Asp249Glu,4,3,1,3,0.7500,289.868502,2.19387e-06
3,3,3,glpK:c.1102C>T,11,2,9,2,0.1818,32.064960,0.00358837
3,4,1,Rv1979c:p.Arg409Gln,137,14,123,8,0.1022,17.944669,3.23457e-12
3,4,2,glpK:c.1102C>T,9,3,6,2,0.3333,66.843331,4.47216e-05
3,4,3,Rv1979c:p.Asp249Glu,2,2,0,2,1.0000,610.045045,6.84762e-05
3,5,1,Rv1979c:p.Arg409Gln,119,11,108,5,0.0924,15.190873,2.65037e-09
3,5,2,Rv1979c:p.Asp249Glu,3,2,1,2,0.6667,203.348348,0.000204265
3,5,3,glpK:c.1102C>T,11,2,9,1,0.1818,32.069701,0.00358735
4,1,1,Rv1979c:p.Arg409Gln,135,11,124,6,0.0815,13.495079,8.37699e-09
4,1,2,Rv1979c:p.Asp249Glu,4,3,1,3,0.7500,295.286604,2.07955e-06
4,1,3,glpK:c.1102C>T,10,2,8,1,0.2000,36.500270,0.0028512
4,2,1,Rv1979c:p.Arg409Gln,135,14,121,7,0.1037,18.245542,2.63647e-12
4,2,2,glpK:c.1102C>T,10,2,8,2,0.2000,35.842607,0.00295173
4,3,1,Rv1979c:p.Arg409Gln,129,15,114,8,0.1163,21.205497,6.89144e-14
4,3,2,Rv1979c:p.Asp249Glu,3,3,0,3,1.0000,869.733945,5.51742e-07
4,3,3,glpK:c.1102C>T,12,3,9,2,0.2500,45.714631,0.000115059
4,4,1,Rv1979c:p.Arg409Gln,129,10,119,6,0.0775,12.305880,8.30518e-08
4,4,2,Rv1979c:p.Asp249Glu,4,3,1,3,0.7500,289.868502,2.19387e-06
4,4,3,glpK:c.1102C>T,8,2,6,1,0.2500,46.884962,0.00185645
4,5,1,Rv1979c:p.Arg409Gln,128,10,118,5,0.0781,12.413458,7.69969e-08
4,5,2,glpK:c.1102C>T,12,3,9,2,0.2500,45.721391,0.00011501
4,5,3,Rv1979c:p.Asp249Glu,3,2,1,2,0.6667,203.348348,0.000204265
5,1,1,Rv1979c:p.Arg409Gln,133,11,122,5,0.0827,13.719534,7.15003e-09
5,2,1,Rv1979c:p.Arg409Gln,125,11,114,7,0.0880,14.379725,4.49628e-09
5,2,2,Rv1979c:p.Asp249Glu,4,3,1,3,0.7500,289.868502,2.19387e-06
5,2,3,glpK:c.1102C>T,10,3,7,2,0.3000,57.922324,6.35095e-05
5,3,1,Rv1979c:p.Arg409Gln,131,13,118,7,0.0992,17.033566,3.12783e-11
5,3,2,glpK:c.1102C>T,12,3,9,2,0.2500,45.714631,0.000115059
5,3,3,Rv1979c:p.Asp249Glu,3,2,1,2,0.6667,203.318318,0.000204325
5,4,1,Rv1979c:p.Arg409Gln,135,12,123,7,0.0889,14.789563,7.23005e-10
5,4,2,Rv1979c:p.Asp249Glu,3,3,0,3,1.0000,869.733945,5.51742e-07
5,4,3,glpK:c.1102C>T,12,3,9,2,0.2500,45.714631,0.000115059
5,5,1,Rv1979c:p.Arg409Gln,132,13,119,6,0.0985,16.891025,3.44227e-11
5,5,2,Rv1979c:p.Asp249Glu,4,3,1,3,0.7500,289.911315,2.19291e-06
5,5,3,glpK:c.1102C>T,10,2,8,1,0.2000,35.847907,0.00295088
