variant,gene,mutation,carrier_total,r_carriers,s_carriers,fn_carriers,tp_carriers,r_fraction_among_carriers,r_recall_gap_fraction,odds_ratio_haldane,fisher_one_sided_p,is_common_background
mtrB:p.Met517Leu,mtrB,p.Met517Leu,7889,67,7822,45,22,0.0085,0.6338,1.232,0.3679,true
glpK:c.1134C>T,glpK,c.1134C>T,626,18,608,12,6,0.0288,0.1690,4.465,2.307e-06,true
mtrB:p.Pro18Ser,mtrB,p.Pro18Ser,2896,17,2879,12,5,0.0059,0.1690,0.6229,0.9748,true
Rv1979c:p.Arg409Gln,Rv1979c,p.Arg409Gln,164,15,149,8,7,0.0915,0.1127,15.26,3.405e-12,false
Rv1979c:p.Asp249Glu,Rv1979c,p.Asp249Glu,4,3,1,3,0,0.7500,0.0423,288.3,2.194e-06,false
glpK:c.1102C>T,glpK,c.1102C>T,13,3,10,2,1,0.2308,0.0282,41.14,0.0001486,false
glpK:c.510C>T,glpK,c.510C>T,78,5,73,1,4,0.0641,0.0141,9.443,0.0004554,true
Rv0678:p.Ser64fs,Rv0678,p.Ser64fs,36,1,35,1,0,0.0278,0.0141,5.052,0.2602,false
Rv0678:c.-11C>A,Rv0678,c.-11C>A,63,1,62,1,0,0.0159,0.0141,2.86,0.4103,false
glpK:p.Val460Ala,glpK,p.Val460Ala,504,2,502,1,1,0.0040,0.0141,0.57,0.9284,false
mmpL5:p.Val123Ile,mmpL5,p.Val123Ile,2,1,1,0,1,0.5000,0.0000,120,0.01657,false
Rv1979c:p.Glu38Asp,Rv1979c,p.Glu38Asp,46,1,45,0,1,0.0217,0.0000,3.937,0.3197,false
Rv0678:c.-107G>A,Rv0678,c.-107G>A,2,0,2,0,0,0.0000,0.0000,23.67,1,false
Rv0678:c.-54G>C,Rv0678,c.-54G>C,2,0,2,0,0,0.0000,0.0000,23.67,1,false
Rv0678:c.-94T>G,Rv0678,c.-94T>G,2,0,2,0,0,0.0000,0.0000,23.67,1,false
Rv0678:p.Ala71fs,Rv0678,p.Ala71fs,2,0,2,0,0,0.0000,0.0000,23.67,1,false
Rv0678:p.Asn4Thr,Rv0678,p.Asn4Thr,2,0,2,0,0,0.0000,0.0000,23.67,1,false
Rv0678:p.Gln76Glu,Rv0678,p.Gln76Glu,2,0,2,0,0,0.0000,0.0000,23.67,1,false
Rv0678:p.Gly103Ser,Rv0678,p.Gly103Ser,2,0,2,0,0,0.0000,0.0000,23.67,1,false
Rv0678:p.Gly162Glu,Rv0678,p.Gly162Glu,2,0,2,0,0,0.0000,0.0000,23.67,1,false
Rv0678:p.Gly78fs,Rv0678,p.Gly78fs,2,0,2,0,0,0.0000,0.0000,23.67,1,false
Rv0678:p.Ile108Thr,Rv0678,p.Ile108Thr,2,0,2,0,0,0.0000,0.0000,23.67,1,false
Rv0678:p.Met23Val,Rv0678,p.Met23Val,2,0,2,0,0,0.0000,0.0000,23.67,1,false
Rv1979c:c.-16A>C,Rv1979c,c.-16A>C,2,0,2,0,0,0.0000,0.0000,23.67,1,false
Rv1979c:c.1249T>C,Rv1979c,c.1249T>C,2,0,2,0,0,0.0000,0.0000,23.67,1,false
Rv1979c:p.Ala105Thr,Rv1979c,p.Ala105Thr,2,0,2,0,0,0.0000,0.0000,23.67,1,false
Rv1979c:p.Ala158Thr,Rv1979c,p.Ala158Thr,2,0,2,0,0,0.0000,0.0000,23.67,1,false
Rv1979c:p.Ala298Ser,Rv1979c,p.Ala298Ser,2,0,2,0,0,0.0000,0.0000,23.67,1,false
Rv1979c:p.Ala331Val,Rv1979c,p.Ala331Val,2,0,2,0,0,0.0000,0.0000,23.67,1,false
Rv1979c:p.Asp347Gly,Rv1979c,p.Asp347Gly,2,0,2,0,0,0.0000,0.0000,23.67,1,false
Rv1979c:p.His98Tyr,Rv1979c,p.His98Tyr,2,0,2,0,0,0.0000,0.0000,23.67,1,false
Rv1979c:p.Phe113fs,Rv1979c,p.Phe113fs,2,0,2,0,0,0.0000,0.0000,23.67,1,false
Rv1979c:p.Phe172Ser,Rv1979c,p.Phe172Ser,2,0,2,0,0,0.0000,0.0000,23.67,1,false
Rv1979c:p.Pro478Gln,Rv1979c,p.Pro478Gln,2,0,2,0,0,0.0000,0.0000,23.67,1,false
Rv1979c:p.Ser175Leu,Rv1979c,p.Ser175Leu,2,0,2,0,0,0.0000,0.0000,23.67,1,false
Rv1979c:p.Ser358Leu,Rv1979c,p.Ser358Leu,2,0,2,0,0,0.0000,0.0000,23.67,1,false
Rv1979c:p.Thr187fs,Rv1979c,p.Thr187fs,2,0,2,0,0,0.0000,0.0000,23.67,1,false
Rv1979c:p.Thr83Ala,Rv1979c,p.Thr83Ala,2,0,2,0,0,0.0000,0.0000,23.67,1,false
Rv1979c:p.Val2Ala,Rv1979c,p.Val2Ala,2,0,2,0,0,0.0000,0.0000,23.67,1,false
Rv1979c:p.Val423Ala,Rv1979c,p.Val423Ala,2,0,2,0,0,0.0000,0.0000,23.67,1,false
glpK:c.-92C>G,glpK,c.-92C>G,2,0,2,0,0,0.0000,0.0000,23.67,1,false
glpK:c.117G>C,glpK,c.117G>C,2,0,2,0,0,0.0000,0.0000,23.67,1,false
glpK:c.1317G>A,glpK,c.1317G>A,2,0,2,0,0,0.0000,0.0000,23.67,1,false
glpK:c.1437C>G,glpK,c.1437C>G,2,0,2,0,0,0.0000,0.0000,23.67,1,false
glpK:c.1527G>A,glpK,c.1527G>A,2,0,2,0,0,0.0000,0.0000,23.67,1,false
glpK:c.33C>T,glpK,c.33C>T,2,0,2,0,0,0.0000,0.0000,23.67,1,false
glpK:c.891A>G,glpK,c.891A>G,2,0,2,0,0,0.0000,0.0000,23.67,1,false
glpK:c.900C>T,glpK,c.900C>T,2,0,2,0,0,0.0000,0.0000,23.67,1,false
glpK:p.Arg121Cys,glpK,p.Arg121Cys,2,0,2,0,0,0.0000,0.0000,23.67,1,false
glpK:p.Glu230Ala,glpK,p.Glu230Ala,2,0,2,0,0,0.0000,0.0000,23.67,1,false
glpK:p.Val39Leu,glpK,p.Val39Leu,2,0,2,0,0,0.0000,0.0000,23.67,1,false
mmpL5:c.-100G>A,mmpL5,c.-100G>A,2,0,2,0,0,0.0000,0.0000,23.67,1,false
mmpL5:c.-101G>A,mmpL5,c.-101G>A,2,0,2,0,0,0.0000,0.0000,23.67,1,false
mmpL5:c.-120C>T,mmpL5,c.-120C>T,2,0,2,0,0,0.0000,0.0000,23.67,1,false
mmpL5:c.-29G>A,mmpL5,c.-29G>A,2,0,2,0,0,0.0000,0.0000,23.67,1,false
mmpL5:c.-38G>C,mmpL5,c.-38G>C,2,0,2,0,0,0.0000,0.0000,23.67,1,false
mmpL5:c.-80A>C,mmpL5,c.-80A>C,2,0,2,0,0,0.0000,0.0000,23.67,1,false
mmpL5:c.1047CGCA>A,mmpL5,c.1047CGCA>A,2,0,2,0,0,0.0000,0.0000,23.67,1,false
mmpL5:c.1296G>A,mmpL5,c.1296G>A,2,0,2,0,0,0.0000,0.0000,23.67,1,false
mmpL5:c.2208C>GCGCATCGCC,mmpL5,c.2208C>GCGCATCGCC,2,0,2,0,0,0.0000,0.0000,23.67,1,false
mmpL5:c.2838ACCCAT>GCCCGT,mmpL5,c.2838ACCCAT>GCCCGT,2,0,2,0,0,0.0000,0.0000,23.67,1,false
mmpL5:c.2842ATT>GCT,mmpL5,c.2842ATT>GCT,2,0,2,0,0,0.0000,0.0000,23.67,1,false
mmpL5:p.Ala230Val,mmpL5,p.Ala230Val,2,0,2,0,0,0.0000,0.0000,23.67,1,false
mmpL5:p.Ala896Thr,mmpL5,p.Ala896Thr,2,0,2,0,0,0.0000,0.0000,23.67,1,false
mmpL5:p.Asn772Ser,mmpL5,p.Asn772Ser,2,0,2,0,0,0.0000,0.0000,23.67,1,false
mmpL5:p.Glu476Ala,mmpL5,p.Glu476Ala,2,0,2,0,0,0.0000,0.0000,23.67,1,false
mmpL5:p.Gly477Arg,mmpL5,p.Gly477Arg,2,0,2,0,0,0.0000,0.0000,23.67,1,false
mmpL5:p.Gly609Arg,mmpL5,p.Gly609Arg,2,0,2,0,0,0.0000,0.0000,23.67,1,false
mmpL5:p.His122Arg,mmpL5,p.His122Arg,2,0,2,0,0,0.0000,0.0000,23.67,1,false
mmpL5:p.Ile732Val,mmpL5,p.Ile732Val,2,0,2,0,0,0.0000,0.0000,23.67,1,false
mmpL5:p.Leu95Arg,mmpL5,p.Leu95Arg,2,0,2,0,0,0.0000,0.0000,23.67,1,false
mmpL5:p.Met666Ile,mmpL5,p.Met666Ile,2,0,2,0,0,0.0000,0.0000,23.67,1,false
mmpL5:p.Met903Ile,mmpL5,p.Met903Ile,2,0,2,0,0,0.0000,0.0000,23.67,1,false
mmpL5:p.Ser782Ala,mmpL5,p.Ser782Ala,2,0,2,0,0,0.0000,0.0000,23.67,1,false
mmpL5:p.Thr606Ala,mmpL5,p.Thr606Ala,2,0,2,0,0,0.0000,0.0000,23.67,1,false
mmpL5:p.Val382Ala,mmpL5,p.Val382Ala,2,0,2,0,0,0.0000,0.0000,23.67,1,false
mmpS5:c.-31C>G,mmpS5,c.-31C>G,2,0,2,0,0,0.0000,0.0000,23.67,1,false
mmpS5:c.-95T>G,mmpS5,c.-95T>G,2,0,2,0,0,0.0000,0.0000,23.67,1,false
mmpS5:p.Ala133Thr,mmpS5,p.Ala133Thr,2,0,2,0,0,0.0000,0.0000,23.67,1,false
mmpS5:p.Ala8Val,mmpS5,p.Ala8Val,2,0,2,0,0,0.0000,0.0000,23.67,1,false
mmpS5:p.Arg29Leu,mmpS5,p.Arg29Leu,2,0,2,0,0,0.0000,0.0000,23.67,1,false
mmpS5:p.Asp82Glu,mmpS5,p.Asp82Glu,2,0,2,0,0,0.0000,0.0000,23.67,1,false
mmpS5:p.Gly109Asp,mmpS5,p.Gly109Asp,2,0,2,0,0,0.0000,0.0000,23.67,1,false
mmpS5:p.Gly109Ser,mmpS5,p.Gly109Ser,2,0,2,0,0,0.0000,0.0000,23.67,1,false
mmpS5:p.Ile116Leu,mmpS5,p.Ile116Leu,2,0,2,0,0,0.0000,0.0000,23.67,1,false
mmpS5:p.Ser98Pro,mmpS5,p.Ser98Pro,2,0,2,0,0,0.0000,0.0000,23.67,1,false
mmpS5:p.Thr4Pro,mmpS5,p.Thr4Pro,2,0,2,0,0,0.0000,0.0000,23.67,1,false
mmpS5:p.Val67Gly,mmpS5,p.Val67Gly,2,0,2,0,0,0.0000,0.0000,23.67,1,false
mtrA:c.-83A>G,mtrA,c.-83A>G,2,0,2,0,0,0.0000,0.0000,23.67,1,false
mtrB:p.Ala227Ser,mtrB,p.Ala227Ser,2,0,2,0,0,0.0000,0.0000,23.67,1,false
mtrB:p.Ile393Met,mtrB,p.Ile393Met,2,0,2,0,0,0.0000,0.0000,23.67,1,false
mtrB:p.Ile78Val,mtrB,p.Ile78Val,2,0,2,0,0,0.0000,0.0000,23.67,1,false
mtrB:p.Ser566Arg,mtrB,p.Ser566Arg,2,0,2,0,0,0.0000,0.0000,23.67,1,false
pepQ:c.-118A>G,pepQ,c.-118A>G,2,0,2,0,0,0.0000,0.0000,23.67,1,false
pepQ:p.Ala305Val,pepQ,p.Ala305Val,2,0,2,0,0,0.0000,0.0000,23.67,1,false
pepQ:p.Val104Leu,pepQ,p.Val104Leu,2,0,2,0,0,0.0000,0.0000,23.67,1,false
Rv0678:p.Ser2Arg,Rv0678,p.Ser2Arg,3,0,3,0,0,0.0000,0.0000,16.91,1,false
Rv1979c:c.686TGTA>A,Rv1979c,c.686TGTA>A,3,0,3,0,0,0.0000,0.0000,16.91,1,false
Rv1979c:p.Arg88His,Rv1979c,p.Arg88His,3,0,3,0,0,0.0000,0.0000,16.91,1,false
Rv1979c:p.Ser262Leu,Rv1979c,p.Ser262Leu,3,0,3,0,0,0.0000,0.0000,16.91,1,false
Rv1979c:p.Tyr434Cys,Rv1979c,p.Tyr434Cys,3,0,3,0,0,0.0000,0.0000,16.91,1,false
Rv1979c:p.Val273Ala,Rv1979c,p.Val273Ala,3,0,3,0,0,0.0000,0.0000,16.91,1,false
glpK:c.1341G>T,glpK,c.1341G>T,3,0,3,0,0,0.0000,0.0000,16.91,1,false
glpK:c.246G>A,glpK,c.246G>A,3,0,3,0,0,0.0000,0.0000,16.91,1,false
glpK:c.309C>T,glpK,c.309C>T,3,0,3,0,0,0.0000,0.0000,16.91,1,false
glpK:c.566G>GGGG,glpK,c.566G>GGGG,3,0,3,0,0,0.0000,0.0000,16.91,1,false
glpK:p.Arg189fs,glpK,p.Arg189fs,3,0,3,0,0,0.0000,0.0000,16.91,1,false
glpK:p.Met412Ile,glpK,p.Met412Ile,3,0,3,0,0,0.0000,0.0000,16.91,1,false
mmpL5:c.-24G>A,mmpL5,c.-24G>A,3,0,3,0,0,0.0000,0.0000,16.91,1,false
mmpL5:p.Ala359Thr,mmpL5,p.Ala359Thr,3,0,3,0,0,0.0000,0.0000,16.91,1,false
mmpL5:p.Asp128Asn,mmpL5,p.Asp128Asn,3,0,3,0,0,0.0000,0.0000,16.91,1,false
mmpL5:p.Asp424Asn,mmpL5,p.Asp424Asn,3,0,3,0,0,0.0000,0.0000,16.91,1,false
mmpL5:p.Glu723Asp,mmpL5,p.Glu723Asp,3,0,3,0,0,0.0000,0.0000,16.91,1,false
mmpL5:p.Gly396Cys,mmpL5,p.Gly396Cys,3,0,3,0,0,0.0000,0.0000,16.91,1,false
mmpL5:p.Gly704Cys,mmpL5,p.Gly704Cys,3,0,3,0,0,0.0000,0.0000,16.91,1,false
mmpL5:p.Ile215Val,mmpL5,p.Ile215Val,3,0,3,0,0,0.0000,0.0000,16.91,1,false
mmpL5:p.Met645Ile,mmpL5,p.Met645Ile,3,0,3,0,0,0.0000,0.0000,16.91,1,false
mmpL5:p.Pro180Leu,mmpL5,p.Pro180Leu,3,0,3,0,0,0.0000,0.0000,16.91,1,false
mmpL5:p.Val337Met,mmpL5,p.Val337Met,3,0,3,0,0,0.0000,0.0000,16.91,1,false
mmpS5:c.-90G>T,mmpS5,c.-90G>T,3,0,3,0,0,0.0000,0.0000,16.91,1,false
mmpS5:p.Thr24Met,mmpS5,p.Thr24Met,3,0,3,0,0,0.0000,0.0000,16.91,1,false
mtrA:c.-40C>T,mtrA,c.-40C>T,3,0,3,0,0,0.0000,0.0000,16.91,1,false
mtrA:p.Val205Ile,mtrA,p.Val205Ile,3,0,3,0,0,0.0000,0.0000,16.91,1,false
mtrB:p.Glu460Gly,mtrB,p.Glu460Gly,3,0,3,0,0,0.0000,0.0000,16.91,1,false
mtrB:p.Gly506Asp,mtrB,p.Gly506Asp,3,0,3,0,0,0.0000,0.0000,16.91,1,false
pepQ:p.Ala124Val,pepQ,p.Ala124Val,3,0,3,0,0,0.0000,0.0000,16.91,1,false
pepQ:p.Ala187Glu,pepQ,p.Ala187Glu,3,0,3,0,0,0.0000,0.0000,16.91,1,false
pepQ:p.Ala242Thr,pepQ,p.Ala242Thr,3,0,3,0,0,0.0000,0.0000,16.91,1,false
Rv1979c:c.-69G>C,Rv1979c,c.-69G>C,4,0,4,0,0,0.0000,0.0000,13.15,1,false
Rv1979c:p.Leu174Phe,Rv1979c,p.Leu174Phe,4,0,4,0,0,0.0000,0.0000,13.15,1,false
glpK:p.Ala11Val,glpK,p.Ala11Val,4,0,4,0,0,0.0000,0.0000,13.15,1,false
glpK:p.His103Tyr,glpK,p.His103Tyr,4,0,4,0,0,0.0000,0.0000,13.15,1,false
mmpL5:p.Ser71Pro,mmpL5,p.Ser71Pro,4,0,4,0,0,0.0000,0.0000,13.15,1,false
mtrA:c.-57T>G,mtrA,c.-57T>G,4,0,4,0,0,0.0000,0.0000,13.15,1,false
mtrA:p.Arg5Thr,mtrA,p.Arg5Thr,4,0,4,0,0,0.0000,0.0000,13.15,1,false
mtrB:p.Thr169Ala,mtrB,p.Thr169Ala,4,0,4,0,0,0.0000,0.0000,13.15,1,false
pepQ:p.Arg7Gln,pepQ,p.Arg7Gln,4,0,4,0,0,0.0000,0.0000,13.15,1,false
Rv0678:c.-49T>C,Rv0678,c.-49T>C,5,0,5,0,0,0.0000,0.0000,10.76,1,false
Rv0678:p.Asn98Asp,Rv0678,p.Asn98Asp,5,0,5,0,0,0.0000,0.0000,10.76,1,false
Rv1979c:p.Glu38Lys,Rv1979c,p.Glu38Lys,5,0,5,0,0,0.0000,0.0000,10.76,1,false
Rv1979c:p.Glu403Gly,Rv1979c,p.Glu403Gly,5,0,5,0,0,0.0000,0.0000,10.76,1,false
glpK:c.525A>G,glpK,c.525A>G,5,0,5,0,0,0.0000,0.0000,10.76,1,false
glpK:p.Ala313Thr,glpK,p.Ala313Thr,5,0,5,0,0,0.0000,0.0000,10.76,1,false
mmpL5:p.Glu512Gln,mmpL5,p.Glu512Gln,5,0,5,0,0,0.0000,0.0000,10.76,1,false
mmpL5:p.Ile59Thr,mmpL5,p.Ile59Thr,5,0,5,0,0,0.0000,0.0000,10.76,1,false
mmpS5:c.-36A>G,mmpS5,c.-36A>G,5,0,5,0,0,0.0000,0.0000,10.76,1,false
Rv1979c:c.-70G>A,Rv1979c,c.-70G>A,6,0,6,0,0,0.0000,0.0000,9.1,1,false
Rv1979c:p.Val351fs,Rv1979c,p.Val351fs,6,0,6,0,0,0.0000,0.0000,9.1,1,false
glpK:c.573T>GGGT,glpK,c.573T>GGGT,6,0,6,0,0,0.0000,0.0000,9.1,1,false
mmpL5:p.Glu552Gly,mmpL5,p.Glu552Gly,6,0,6,0,0,0.0000,0.0000,9.1,1,false
glpK:c.624A>C,glpK,c.624A>C,7,0,7,0,0,0.0000,0.0000,7.886,1,false
glpK:c.123C>A,glpK,c.123C>A,8,0,8,0,0,0.0000,0.0000,6.957,1,false
Rv0678:p.Glu55Asp,Rv0678,p.Glu55Asp,9,0,9,0,0,0.0000,0.0000,6.224,1,false
Rv1979c:p.Val108fs,Rv1979c,p.Val108fs,9,0,9,0,0,0.0000,0.0000,6.224,1,false
Rv1979c:p.Phe144fs,Rv1979c,p.Phe144fs,10,0,10,0,0,0.0000,0.0000,5.631,1,false
mmpL5:p.Asp767Ala,mmpL5,p.Asp767Ala,10,0,10,0,0,0.0000,0.0000,5.631,1,false
glpK:c.-104C>T,glpK,c.-104C>T,11,0,11,0,0,0.0000,0.0000,5.14,1,false
mmpL5:p.Val344Leu,mmpL5,p.Val344Leu,11,0,11,0,0,0.0000,0.0000,5.14,1,false
glpK:p.Asn299Asp,glpK,p.Asn299Asp,12,0,12,0,0,0.0000,0.0000,4.729,1,false
glpK:c.-5A>G,glpK,c.-5A>G,15,0,15,0,0,0.0000,0.0000,3.812,1,false
mmpL5:p.Ala147Thr,mmpL5,p.Ala147Thr,15,0,15,0,0,0.0000,0.0000,3.812,1,false
pepQ:p.Val45Leu,pepQ,p.Val45Leu,15,0,15,0,0,0.0000,0.0000,3.812,1,false
Rv1979c:p.Arg7Ser,Rv1979c,p.Arg7Ser,16,0,16,0,0,0.0000,0.0000,3.581,1,false
pepQ:p.Phe46Leu,pepQ,p.Phe46Leu,16,0,16,0,0,0.0000,0.0000,3.581,1,false
glpK:p.Asp84Glu,glpK,p.Asp84Glu,18,0,18,0,0,0.0000,0.0000,3.193,1,false
mmpL5:p.Val247Ala,mmpL5,p.Val247Ala,20,0,20,0,0,0.0000,0.0000,2.881,1,false
Rv1979c:p.Ile104Thr,Rv1979c,p.Ile104Thr,23,0,23,0,0,0.0000,0.0000,2.512,1,false
Rv1979c:p.Thr270Ala,Rv1979c,p.Thr270Ala,23,0,23,0,0,0.0000,0.0000,2.512,1,false
atpE:c.-53A>C,atpE,c.-53A>C,24,0,24,0,0,0.0000,0.0000,2.409,1,false
glpK:c.417G>A,glpK,c.417G>A,24,0,24,0,0,0.0000,0.0000,2.409,1,false
mmpL5:p.Trp598Arg,mmpL5,p.Trp598Arg,25,0,25,0,0,0.0000,0.0000,2.314,1,false
Rv1979c:p.Ala222Thr,Rv1979c,p.Ala222Thr,34,0,34,0,0,0.0000,0.0000,1.709,1,false
mtrB:p.Gly174Ala,mtrB,p.Gly174Ala,34,0,34,0,0,0.0000,0.0000,1.709,1,false
mmpL5:p.Gly246Ser,mmpL5,p.Gly246Ser,36,0,36,0,0,0.0000,0.0000,1.615,1,false
Rv1979c:c.1419G>CCGG,Rv1979c,c.1419G>CCGG,43,0,43,0,0,0.0000,0.0000,1.354,1,false
mmpL5:p.Phe696Leu,mmpL5,p.Phe696Leu,68,0,68,0,0,0.0000,0.0000,0.8572,1,false
Rv1979c:p.Val426Ile,Rv1979c,p.Val426Ile,80,0,80,0,0,0.0000,0.0000,0.7284,1,false
Rv1979c:c.-50A>C,Rv1979c,c.-50A>C,87,0,87,0,0,0.0000,0.0000,0.6695,1,false
glpK:p.Gly191fs,glpK,p.Gly191fs,97,0,97,0,0,0.0000,0.0000,0.6001,1,false
