total_isolates,phenotype_r,phenotype_s,r_fraction,baseline_pred_R,baseline_pred_S,baseline_pred_UNKNOWN,five_level_R,five_level_Likely_R,five_level_Indeterminate,five_level_Likely_S,five_level_S,mic_bins_all,mic_bins_r,mtrB_signature,top_secondary_unsupported,top_core_unsupported
4691,49,4642,0.0104,109,4579,3,12,33,190,4456,0,0.5:32;1.0:10;2.0:1;<=0.25:4642;>1_to_2:3;>2:3,0.5:32;1.0:10;2.0:1;>1_to_2:3;>2:3,p.Met517Leu[UNKNOWN/unsupported_variant],glpK:c.1134C>T:614;glpK:p.Val460Ala:327;Rv1979c:p.Arg409Gln:164;glpK:c.510C>T:78;glpK:p.Gly191fs:46,pepQ:p.Val45Leu:15;Rv0678:c.-49T>C:5;Rv0678:p.Asn98Asp:5;pepQ:p.Arg7Gln:4;Rv0678:p.Ser2Arg:3
2866,16,2850,0.0056,38,2828,0,10,8,117,2731,0,0.5:10;1.0:2;2.0:1;<=0.25:2850;>1_to_2:1;>2:2,0.5:10;1.0:2;2.0:1;>1_to_2:1;>2:2,p.Met517Leu[UNKNOWN/unsupported_variant] | p.Pro18Ser[UNKNOWN/unsupported_variant],Rv1979c:p.Val426Ile:80;glpK:p.Gly191fs:38;mmpL5:p.Gly246Ser:36;Rv1979c:p.Thr270Ala:23;mmpL5:p.Val247Ala:20,Rv0678:c.-11C>A:63;Rv0678:p.Glu55Asp:9;Rv0678:p.Ser64fs:7;Rv0678:c.-94T>G:2;Rv0678:p.Gly78fs:2
625,4,621,0.0064,7,592,26,2,0,99,131,393,0.5:4;<=0.25:621,0.5:4,(no_mtrB_variant),Rv1979c:c.-50A>C:87;Rv1979c:c.1419G>CCGG:43;glpK:p.Gly191fs:6;glpK:p.His103Tyr:4;glpK:p.Met412Ile:3,Rv0678:p.Ser64fs:26;atpE:c.-53A>C:23;pepQ:p.Phe46Leu:15;Rv0678:p.Ile108Val:1;Rv0678:c.-66C>T:1
156,1,155,0.0064,2,154,0,1,0,8,147,0,0.5:1;<=0.25:155,0.5:1,c.147G>A[S/direct_record_match] | p.Met517Leu[UNKNOWN/unsupported_variant],glpK:p.Val460Ala:156;mmpL5:p.Phe696Leu:62;glpK:p.Gly191fs:3;mmpL5:c.1047CGCA>A:2;mmpS5:p.Ala8Val:2,Rv0678:c.-107G>A:2;Rv0678:p.Gly162Glu:2;Rv0678:p.Gln51Lys:1;pepQ:c.-90G>C:1;Rv0678:c.-63G>A:1
6,1,5,0.1667,0,6,0,0,0,0,6,0,0.5:1;<=0.25:5,0.5:1,c.673C>T[S/direct_record_match] | p.Met517Leu[UNKNOWN/unsupported_variant] | p.Pro18Ser[UNKNOWN/unsupported_variant],,
34,0,34,0.0000,0,34,0,0,0,0,34,0,<=0.25:34,,p.Gly174Ala[UNKNOWN/unsupported_variant] | p.Met517Leu[UNKNOWN/unsupported_variant],,
12,0,12,0.0000,0,12,0,0,0,0,12,0,<=0.25:12,,c.1033C>A[S/direct_record_match] | p.Met517Leu[UNKNOWN/unsupported_variant],,
10,0,10,0.0000,0,10,0,0,0,0,10,0,<=0.25:10,,c.198C>T[S/direct_record_match] | p.Met517Leu[UNKNOWN/unsupported_variant],,
7,0,7,0.0000,0,7,0,0,0,0,7,0,<=0.25:7,,c.309C>T[S/direct_record_match] | p.Met517Leu[UNKNOWN/unsupported_variant],,
5,0,5,0.0000,1,4,0,0,0,1,4,0,<=0.25:5,,c.589C>T[S/direct_record_match] | p.Met517Leu[UNKNOWN/unsupported_variant],glpK:p.Val460Ala:1,
5,0,5,0.0000,0,5,0,0,0,0,5,0,<=0.25:5,,c.390G>A[S/direct_record_match] | p.Met517Leu[UNKNOWN/unsupported_variant],,
4,0,4,0.0000,0,4,0,0,0,0,4,0,<=0.25:4,,p.Met517Leu[UNKNOWN/unsupported_variant] | p.Thr169Ala[UNKNOWN/unsupported_variant],,
3,0,3,0.0000,0,3,0,0,0,0,1,2,<=0.25:3,,c.363T>G[S/direct_record_match],mmpL5:p.Val964Leu:1,
3,0,3,0.0000,0,3,0,0,0,0,3,0,<=0.25:3,,c.1479A>G[S/direct_record_match] | p.Met517Leu[UNKNOWN/unsupported_variant],,
3,0,3,0.0000,0,3,0,0,0,0,3,0,<=0.25:3,,p.Glu460Gly[UNKNOWN/unsupported_variant],,
3,0,3,0.0000,0,3,0,0,0,0,3,0,<=0.25:3,,p.Gly506Asp[UNKNOWN/unsupported_variant] | p.Met517Leu[UNKNOWN/unsupported_variant],glpK:c.1134C>T:3;glpK:c.123C>A:3,
3,0,3,0.0000,0,3,0,0,0,0,0,3,<=0.25:3,,c.405T>C[S/direct_record_match],,
3,0,3,0.0000,3,0,0,0,0,3,0,0,<=0.25:3,,p.Met517Leu[UNKNOWN/unsupported_variant] | p.Phe175Leu[R/snapshot_virtual],,
2,0,2,0.0000,0,2,0,0,0,0,2,0,<=0.25:2,,p.Ile78Val[UNKNOWN/unsupported_variant] | p.Met517Leu[UNKNOWN/unsupported_variant] | p.Pro18Ser[UNKNOWN/unsupported_variant],Rv1979c:c.-70G>A:2,
2,0,2,0.0000,2,0,0,0,0,2,0,0,<=0.25:2,,c.147G>A[S/direct_record_match] | p.Gly90Arg[R/snapshot_virtual] | p.Met517Leu[UNKNOWN/unsupported_variant],mmpL5:p.Phe696Leu:2;glpK:p.Val460Ala:2,
2,0,2,0.0000,0,2,0,0,0,0,2,0,<=0.25:2,,p.Ile393Met[UNKNOWN/unsupported_variant] | p.Met517Leu[UNKNOWN/unsupported_variant] | p.Pro18Ser[UNKNOWN/unsupported_variant],mmpL5:c.2828TCCGGCAACGACCCAT>TCCGGCAACGACCCGT:1;glpK:p.Gly191fs:1,
2,0,2,0.0000,0,2,0,0,0,0,2,0,<=0.25:2,,c.1452T>C[S/direct_record_match] | p.Met517Leu[UNKNOWN/unsupported_variant] | p.Pro18Ser[UNKNOWN/unsupported_variant],,
2,0,2,0.0000,0,2,0,0,0,2,0,0,<=0.25:2,,p.Ala227Ser[UNKNOWN/unsupported_variant] | p.Met517Leu[UNKNOWN/unsupported_variant] | p.Pro18Ser[UNKNOWN/unsupported_variant],,pepQ:p.Ala242Thr:2
2,0,2,0.0000,0,2,0,0,0,0,2,0,<=0.25:2,,c.186C>T[S/direct_record_match] | p.Met517Leu[UNKNOWN/unsupported_variant],,
2,0,2,0.0000,2,0,0,0,0,2,0,0,<=0.25:2,,p.Met517Leu[UNKNOWN/unsupported_variant] | p.Pro18Ser[UNKNOWN/unsupported_variant] | p.Thr66Ile[R/snapshot_virtual],,
2,0,2,0.0000,0,2,0,0,0,0,0,2,<=0.25:2,,c.420T>G[S/direct_record_match],,
2,0,2,0.0000,2,0,0,0,1,1,0,0,<=0.25:2,,p.Glu429Gly[R/snapshot_virtual] | p.Met517Leu[UNKNOWN/unsupported_variant] | p.Pro18Ser[UNKNOWN/unsupported_variant],,
2,0,2,0.0000,0,2,0,0,0,0,2,0,<=0.25:2,,c.354T>C[S/direct_record_match] | p.Met517Leu[UNKNOWN/unsupported_variant],,
2,0,2,0.0000,0,2,0,0,0,0,2,0,<=0.25:2,,p.Met517Leu[UNKNOWN/unsupported_variant] | p.Ser566Arg[UNKNOWN/unsupported_variant],,
1,0,1,0.0000,0,1,0,0,0,0,1,0,<=0.25:1,,c.207C>T[S/direct_record_match] | p.Met517Leu[UNKNOWN/unsupported_variant] | p.Pro18Ser[UNKNOWN/unsupported_variant],,
1,0,1,0.0000,0,1,0,0,0,0,1,0,<=0.25:1,,p.Gly219Val[UNKNOWN/unsupported_variant] | p.Met517Leu[UNKNOWN/unsupported_variant] | p.Pro18Ser[UNKNOWN/unsupported_variant],,
1,0,1,0.0000,0,1,0,0,0,0,1,0,<=0.25:1,,c.132G>A[S/direct_record_match] | p.Met517Leu[UNKNOWN/unsupported_variant],,
1,0,1,0.0000,0,1,0,0,0,0,1,0,<=0.25:1,,p.Met517Leu[UNKNOWN/unsupported_variant] | p.Val88Ala[UNKNOWN/unsupported_variant],,
1,0,1,0.0000,0,1,0,0,0,0,1,0,<=0.25:1,,p.Ala438Thr[UNKNOWN/unsupported_variant] | p.Met517Leu[UNKNOWN/unsupported_variant] | p.Pro18Ser[UNKNOWN/unsupported_variant],,
1,0,1,0.0000,1,0,0,0,0,1,0,0,<=0.25:1,,p.Met517Leu[UNKNOWN/unsupported_variant] | p.Pro18Ser[UNKNOWN/unsupported_variant] | p.Val237Ala[R/snapshot_virtual],,
1,0,1,0.0000,0,1,0,0,0,0,1,0,<=0.25:1,,p.Gly385Cys[UNKNOWN/unsupported_variant] | p.Met517Leu[UNKNOWN/unsupported_variant],,
1,0,1,0.0000,0,1,0,0,0,0,1,0,<=0.25:1,,c.1386G>A[S/direct_record_match] | p.Met517Leu[UNKNOWN/unsupported_variant],mmpL5:p.Thr606Ala:1,
1,0,1,0.0000,0,1,0,0,0,0,1,0,<=0.25:1,,p.His324Arg[UNKNOWN/unsupported_variant] | p.Met517Leu[UNKNOWN/unsupported_variant] | p.Pro18Ser[UNKNOWN/unsupported_variant],,
1,0,1,0.0000,0,1,0,0,0,0,1,0,<=0.25:1,,c.276C>G[S/direct_record_match] | p.Met517Leu[UNKNOWN/unsupported_variant],,
1,0,1,0.0000,1,0,0,0,0,1,0,0,<=0.25:1,,p.Met517Leu[UNKNOWN/unsupported_variant] | p.Pro18Ser[UNKNOWN/unsupported_variant] | p.Pro200Leu[R/snapshot_virtual],glpK:p.Val113Ala:1,
1,0,1,0.0000,0,1,0,0,0,0,1,0,<=0.25:1,,c.1533CCGGCTGACGCTTCCGAT>TCGGCTGACGCTTCCGCT[UNKNOWN/unsupported_variant],,
1,0,1,0.0000,0,1,0,0,0,0,1,0,<=0.25:1,,c.1293A>G[S/direct_record_match] | p.Met517Leu[UNKNOWN/unsupported_variant],glpK:c.1134C>T:1;glpK:p.Glu230Ala:1,
1,0,1,0.0000,0,1,0,0,0,0,1,0,<=0.25:1,,p.Glu389Asp[UNKNOWN/unsupported_variant] | p.Met517Leu[UNKNOWN/unsupported_variant],glpK:c.1134C>T:1,
1,0,1,0.0000,0,1,0,0,0,0,0,1,<=0.25:1,,c.69C>T[S/direct_record_match],,
1,0,1,0.0000,0,1,0,0,0,0,1,0,<=0.25:1,,p.Met517Leu[UNKNOWN/unsupported_variant] | p.Ser176Phe[UNKNOWN/unsupported_variant],Rv1979c:p.Val423Leu:1,
1,0,1,0.0000,0,1,0,0,0,0,1,0,<=0.25:1,,p.His255Asn[UNKNOWN/unsupported_variant] | p.Met517Leu[UNKNOWN/unsupported_variant],,
1,0,1,0.0000,0,1,0,0,0,0,1,0,<=0.25:1,,c.453C>T[S/direct_record_match] | p.Met517Leu[UNKNOWN/unsupported_variant],,
1,0,1,0.0000,0,1,0,0,0,0,1,0,<=0.25:1,,c.801C>T[S/direct_record_match] | p.Met517Leu[UNKNOWN/unsupported_variant],glpK:p.Val460Ala:1;glpK:p.Gly191fs:1,
1,0,1,0.0000,0,1,0,0,0,0,1,0,<=0.25:1,,p.Met517Leu[UNKNOWN/unsupported_variant] | p.Val30Ile[UNKNOWN/unsupported_variant],glpK:c.1134C>T:1,
1,0,1,0.0000,0,1,0,0,0,0,1,0,<=0.25:1,,p.Asp136Gly[UNKNOWN/unsupported_variant],,
1,0,1,0.0000,0,1,0,0,0,0,0,1,<=0.25:1,,c.1582C>T[S/direct_record_match],,
1,0,1,0.0000,0,1,0,0,0,0,0,1,<=0.25:1,,c.111G>T[S/direct_record_match],,
1,0,1,0.0000,1,0,0,0,0,1,0,0,<=0.25:1,,p.Asp267Gly[R/snapshot_virtual] | p.Met517Leu[UNKNOWN/unsupported_variant] | p.Pro18Ser[UNKNOWN/unsupported_variant],,
1,0,1,0.0000,0,1,0,0,0,0,1,0,<=0.25:1,,c.135G>T[S/direct_record_match] | p.Met517Leu[UNKNOWN/unsupported_variant],glpK:c.1134C>T:1,
1,0,1,0.0000,0,1,0,0,0,0,1,0,<=0.25:1,,c.147G>A[S/direct_record_match] | c.606G>T[S/direct_record_match] | p.Met517Leu[UNKNOWN/unsupported_variant],mmpL5:p.Phe696Leu:1;glpK:p.Val460Ala:1,
1,0,1,0.0000,0,1,0,0,0,0,1,0,<=0.25:1,,c.147G>A[S/direct_record_match] | p.Ala33Val[UNKNOWN/unsupported_variant] | p.Met517Leu[UNKNOWN/unsupported_variant],mmpL5:p.Phe696Leu:1;glpK:p.Val460Ala:1,
1,0,1,0.0000,0,1,0,0,0,0,1,0,<=0.25:1,,c.45C>T[S/direct_record_match] | p.Met517Leu[UNKNOWN/unsupported_variant],glpK:p.Val460Ala:1,
1,0,1,0.0000,1,0,0,0,0,1,0,0,<=0.25:1,,p.Met517Leu[UNKNOWN/unsupported_variant] | p.Ser24Arg[R/snapshot_virtual],glpK:c.1134C>T:1,
1,0,1,0.0000,0,1,0,0,0,0,1,0,<=0.25:1,,p.Met517Leu[UNKNOWN/unsupported_variant] | p.Val170Leu[UNKNOWN/unsupported_variant],glpK:p.Val460Ala:1,
1,0,1,0.0000,0,1,0,0,0,0,1,0,<=0.25:1,,c.147G>A[S/direct_record_match] | c.369C>G[S/direct_record_match] | p.Met517Leu[UNKNOWN/unsupported_variant],mmpL5:p.Phe696Leu:1;glpK:p.Val460Ala:1,
1,0,1,0.0000,1,0,0,0,0,1,0,0,<=0.25:1,,c.147G>A[S/direct_record_match] | p.Met517Leu[UNKNOWN/unsupported_variant] | p.Ser16Tyr[R/snapshot_virtual],glpK:p.Val460Ala:1,
1,0,1,0.0000,0,1,0,0,0,0,1,0,<=0.25:1,,c.145C>T[S/direct_record_match] | p.Met517Leu[UNKNOWN/unsupported_variant],glpK:c.1134C>T:1,
1,0,1,0.0000,0,1,0,0,0,0,1,0,<=0.25:1,,c.147G>A[S/direct_record_match] | c.453C>T[S/direct_record_match] | p.Met517Leu[UNKNOWN/unsupported_variant],mmpL5:p.Phe696Leu:1;glpK:p.Val460Ala:1,
1,0,1,0.0000,1,0,0,0,0,1,0,0,<=0.25:1,,p.Met517Leu[UNKNOWN/unsupported_variant] | p.Pro18Ser[UNKNOWN/unsupported_variant] | p.Val273Met[UNKNOWN/unsupported_variant],,
1,0,1,0.0000,0,1,0,0,0,0,1,0,<=0.25:1,,c.133C>T[S/direct_record_match] | p.Met517Leu[UNKNOWN/unsupported_variant],glpK:p.Val460Ala:1,
1,0,1,0.0000,0,1,0,0,0,0,1,0,<=0.25:1,,p.Met517Leu[UNKNOWN/unsupported_variant] | p.Pro18Leu[UNKNOWN/unsupported_variant],glpK:p.Ser517Cys:1;glpK:c.1134C>T:1,
1,0,1,0.0000,0,1,0,0,0,0,1,0,<=0.25:1,,c.1053C>T[S/direct_record_match] | p.Met517Leu[UNKNOWN/unsupported_variant],mmpL5:c.-26C>T:1;glpK:p.Val460Ala:1,
1,0,1,0.0000,0,1,0,0,0,1,0,0,<=0.25:1,,p.Ile533Phe[UNKNOWN/unsupported_variant],,atpE:c.-53A>C:1
1,0,1,0.0000,0,1,0,0,0,0,1,0,<=0.25:1,,c.174C>T[S/direct_record_match] | p.Met517Leu[UNKNOWN/unsupported_variant] | p.Pro18Ser[UNKNOWN/unsupported_variant],,
1,0,1,0.0000,0,1,0,0,0,0,1,0,<=0.25:1,,p.Ile435Val[UNKNOWN/unsupported_variant] | p.Met517Leu[UNKNOWN/unsupported_variant],,
1,0,1,0.0000,0,1,0,0,0,0,1,0,<=0.25:1,,c.138C>T[S/direct_record_match] | p.Met517Leu[UNKNOWN/unsupported_variant],glpK:p.Val460Ala:1;glpK:p.Gly191fs:1,
1,0,1,0.0000,0,1,0,0,0,0,1,0,<=0.25:1,,c.35GCCGGGGTCGCTCTGGCCCGATGA>GCCGGGGTCGCTCTGGCTCGATGA[UNKNOWN/unsupported_variant] | p.Met517Leu[UNKNOWN/unsupported_variant],,
1,0,1,0.0000,1,0,0,0,0,1,0,0,<=0.25:1,,p.Glu429Gly[R/snapshot_virtual] | p.Met517Leu[UNKNOWN/unsupported_variant],,
1,0,1,0.0000,0,1,0,0,0,0,1,0,<=0.25:1,,c.1662G>A[S/direct_record_match] | p.Met517Leu[UNKNOWN/unsupported_variant],mmpL5:p.Ala147Thr:1,
1,0,1,0.0000,0,1,0,0,0,0,1,0,<=0.25:1,,c.1197G>C[S/direct_record_match] | p.Met517Leu[UNKNOWN/unsupported_variant],,
1,0,1,0.0000,1,0,0,0,0,1,0,0,<=0.25:1,,p.Asn545fs[R/consequence_inferred],,
1,0,1,0.0000,0,1,0,0,0,0,1,0,<=0.25:1,,c.78G>A[S/direct_record_match] | p.Met517Leu[UNKNOWN/unsupported_variant],,
1,0,1,0.0000,0,1,0,0,0,0,1,0,<=0.25:1,,p.Ala364Val[UNKNOWN/unsupported_variant] | p.Met517Leu[UNKNOWN/unsupported_variant],,
1,0,1,0.0000,0,1,0,0,0,0,1,0,<=0.25:1,,c.-74G>A[UNKNOWN/unsupported_variant] | p.Met517Leu[UNKNOWN/unsupported_variant] | p.Pro18Ser[UNKNOWN/unsupported_variant],,
1,0,1,0.0000,0,1,0,0,0,0,1,0,<=0.25:1,,c.516C>G[S/direct_record_match] | p.Met517Leu[UNKNOWN/unsupported_variant],,
1,0,1,0.0000,1,0,0,0,0,1,0,0,<=0.25:1,,p.Met517Leu[UNKNOWN/unsupported_variant] | p.Phe292Leu[R/snapshot_virtual],,
1,0,1,0.0000,0,1,0,0,0,0,1,0,<=0.25:1,,p.Met517Leu[UNKNOWN/unsupported_variant] | p.Ser176Ala[UNKNOWN/unsupported_variant],glpK:c.1134C>T:1,
1,0,1,0.0000,0,1,0,0,0,0,1,0,<=0.25:1,,c.618C>A[UNKNOWN/unsupported_variant] | p.Met517Leu[UNKNOWN/unsupported_variant] | p.Pro18Ser[UNKNOWN/unsupported_variant],,
1,0,1,0.0000,0,1,0,0,0,0,1,0,<=0.25:1,,c.90A>G[S/direct_record_match] | p.Met517Leu[UNKNOWN/unsupported_variant],glpK:c.1134C>T:1,
1,0,1,0.0000,0,1,0,0,0,0,1,0,<=0.25:1,,c.1272C>G[S/direct_record_match] | p.Met517Leu[UNKNOWN/unsupported_variant],,
1,0,1,0.0000,1,0,0,0,0,1,0,0,<=0.25:1,,p.Met517Leu[UNKNOWN/unsupported_variant] | p.Tyr165Cys[R/snapshot_virtual],,
1,0,1,0.0000,0,1,0,0,0,0,1,0,<=0.25:1,,p.Glu204Asp[UNKNOWN/unsupported_variant] | p.Met517Leu[UNKNOWN/unsupported_variant],glpK:p.Val460Ala:1,
1,0,1,0.0000,0,1,0,0,0,0,1,0,<=0.25:1,,c.1515C>T[S/direct_record_match] | p.Met517Leu[UNKNOWN/unsupported_variant],,
1,0,1,0.0000,1,0,0,0,0,1,0,0,<=0.25:1,,p.Gly392Val[R/snapshot_virtual] | p.Met517Leu[UNKNOWN/unsupported_variant],mmpL5:p.Asn466Ser:1;glpK:p.Val460Ala:1,
1,0,1,0.0000,0,1,0,0,0,0,1,0,<=0.25:1,,c.1314C>T[S/direct_record_match] | p.Met517Leu[UNKNOWN/unsupported_variant],glpK:p.Val460Ala:1,
1,0,1,0.0000,0,1,0,0,0,0,1,0,<=0.25:1,,p.Ala29Gly[UNKNOWN/unsupported_variant] | p.Ala361Thr[UNKNOWN/unsupported_variant] | p.Met517Leu[UNKNOWN/unsupported_variant],glpK:p.Val460Ala:1,
1,0,1,0.0000,0,1,0,0,0,0,1,0,<=0.25:1,,p.Glu460Asp[UNKNOWN/unsupported_variant] | p.Met517Leu[UNKNOWN/unsupported_variant],glpK:p.Val460Ala:1,
1,0,1,0.0000,0,1,0,0,0,0,1,0,<=0.25:1,,c.693G>A[S/direct_record_match] | p.Met517Leu[UNKNOWN/unsupported_variant],glpK:p.Gly191fs:1,
1,0,1,0.0000,1,0,0,0,0,1,0,0,<=0.25:1,,p.Arg263Gly[R/snapshot_virtual] | p.Met517Leu[UNKNOWN/unsupported_variant] | p.Pro18Ser[UNKNOWN/unsupported_variant],,
1,0,1,0.0000,1,0,0,0,0,1,0,0,<=0.25:1,,p.Arg477Trp[R/snapshot_virtual] | p.Met517Leu[UNKNOWN/unsupported_variant],Rv1979c:p.Glu403Gly:1;glpK:p.Val460Ala:1,
1,0,1,0.0000,0,1,0,0,0,0,1,0,<=0.25:1,,p.Met517Leu[UNKNOWN/unsupported_variant] | p.Pro536Ser[UNKNOWN/unsupported_variant],glpK:p.Val460Ala:1,
1,0,1,0.0000,0,1,0,0,0,0,1,0,<=0.25:1,,c.216C>T[S/direct_record_match] | p.Met517Leu[UNKNOWN/unsupported_variant],glpK:p.Asp84Glu:1,
1,0,1,0.0000,0,1,0,0,0,0,1,0,<=0.25:1,,c.589C>T[S/direct_record_match] | p.Gly385Ser[UNKNOWN/unsupported_variant] | p.Met517Leu[UNKNOWN/unsupported_variant],,
1,0,1,0.0000,0,1,0,0,0,0,1,0,<=0.25:1,,c.1549ATGGTGCGCG>CTGGTGCGCG[UNKNOWN/unsupported_variant],,
1,0,1,0.0000,1,0,0,0,0,1,0,0,<=0.25:1,,c.408T>C[S/direct_record_match],,
1,0,1,0.0000,0,1,0,0,0,0,1,0,<=0.25:1,,c.-86C>T[UNKNOWN/unsupported_variant] | c.1033C>A[S/direct_record_match] | p.Met517Leu[UNKNOWN/unsupported_variant],,
1,0,1,0.0000,0,1,0,0,0,0,1,0,<=0.25:1,,c.1549ATG>CTG[UNKNOWN/unsupported_variant],,
1,0,1,0.0000,0,1,0,0,0,0,1,0,<=0.25:1,,p.Arg434Trp[UNKNOWN/unsupported_variant] | p.Met517Leu[UNKNOWN/unsupported_variant],,
