unique_id,bdq_mic,mic_bin,unsupported_variant_count,unsupported_gene_count,core_unsupported_genes,secondary_unsupported_genes,context_unsupported_genes,has_mtrB_Met517Leu,has_mtrB_Pro18Ser,unsupported_variants
site.02.subj.0370.lab.222044-14.iso.1,0.5,0.5,2,2,,glpK,mtrB,true,false,glpK:c.1134C>T;mtrB:p.Met517Leu
site.02.subj.0513.lab.241127-14.iso.1,0.5,0.5,2,1,,,mtrB,true,true,mtrB:p.Met517Leu;mtrB:p.Pro18Ser
site.02.subj.0856.lab.2013251004.iso.1,0.5,0.5,2,1,,,mtrB,true,true,mtrB:p.Met517Leu;mtrB:p.Pro18Ser
site.02.subj.0884.lab.22A118.iso.1,0.5,0.5,2,1,,,mtrB,true,true,mtrB:p.Met517Leu;mtrB:p.Pro18Ser
site.02.subj.0943.lab.22A178.iso.1,0.5,0.5,3,2,,glpK,mtrB,true,true,glpK:p.Val192Met;mtrB:p.Met517Leu;mtrB:p.Pro18Ser
site.04.subj.00929.lab.716654.iso.1,0.5,0.5,3,3,,Rv1979c;glpK,mtrB,true,false,Rv1979c:p.Asp249Glu;glpK:c.1134C>T;mtrB:p.Met517Leu
site.04.subj.01493.lab.727254.iso.1,0.5,0.5,3,3,,Rv1979c;glpK,mtrB,true,false,Rv1979c:p.Asp249Glu;glpK:c.1134C>T;mtrB:p.Met517Leu
site.04.subj.01521.lab.729857.iso.1,0.5,0.5,3,3,,Rv1979c;glpK,mtrB,true,false,Rv1979c:p.Asp249Glu;glpK:c.1134C>T;mtrB:p.Met517Leu
site.06.subj.06TB_1416.lab.06MIL2694.iso.1,0.5,0.5,2,2,,mmpL5,mtrB,true,false,mmpL5:p.Leu709Ile;mtrB:p.Met517Leu
site.06.subj.AF13199.lab.06MIL1560.iso.1,0.5,0.5,2,2,,glpK,mtrB,true,false,glpK:c.1134C>T;mtrB:p.Met517Leu
site.06.subj.AF15143.lab.06MIL1545.iso.1,0.5,0.5,2,2,,glpK,mtrB,true,false,glpK:c.1134C>T;mtrB:p.Met517Leu
site.06.subj.MHL_0151-14.lab.06MIL0847.iso.1,0.5,0.5,2,2,,glpK,mtrB,true,false,glpK:c.1134C>T;mtrB:p.Met517Leu
site.06.subj.SGD_0026-14.lab.06MIL0269.iso.1,0.5,0.5,2,2,,glpK,mtrB,true,false,glpK:c.1134C>T;mtrB:p.Met517Leu
site.06.subj.SGD_0084-14.lab.06MIL0410.iso.1,0.5,0.5,2,2,,glpK,mtrB,true,false,glpK:c.1134C>T;mtrB:p.Met517Leu
site.06.subj.SGD_0087-14.lab.06MIL0412.iso.1,0.5,0.5,1,1,,,mtrB,true,false,mtrB:p.Met517Leu
site.08.subj.05TB31024.lab.1900.iso.1,0.5,0.5,2,1,,,mtrB,true,true,mtrB:p.Met517Leu;mtrB:p.Pro18Ser
site.10.subj.BC01591120.lab.BC01591120.iso.1,0.5,0.5,0,0,,,,false,false,
site.10.subj.CG04456887.lab.CG04456887.iso.1,0.5,0.5,2,2,,glpK,mtrB,true,false,glpK:p.Val460Ala;mtrB:p.Met517Leu
site.10.subj.TD02649443.lab.TD02649443.iso.1,0.5,0.5,2,2,,Rv1979c,mtrB,true,false,Rv1979c:p.Arg409Gln;mtrB:p.Met517Leu
site.10.subj.TD02990083.lab.TD02990083.iso.1,0.5,0.5,2,2,,Rv1979c,mtrB,true,false,Rv1979c:p.Arg409Gln;mtrB:p.Met517Leu
site.10.subj.UH01142796.lab.UH01142796.iso.1,0.5,0.5,2,2,,Rv1979c,mtrB,true,false,Rv1979c:p.Arg409Gln;mtrB:p.Met517Leu
site.10.subj.UH01206306.lab.UH01206306.iso.1,0.5,0.5,2,2,,Rv1979c,mtrB,true,false,Rv1979c:p.Arg409Gln;mtrB:p.Met517Leu
site.10.subj.XC00297731.lab.XC00297731.iso.1,0.5,0.5,2,1,,,mtrB,true,true,mtrB:p.Met517Leu;mtrB:p.Pro18Ser
site.10.subj.XD01222808.lab.XD01222808.iso.1,0.5,0.5,2,2,,Rv1979c,mtrB,true,false,Rv1979c:p.Arg409Gln;mtrB:p.Met517Leu
site.10.subj.XD02208983.lab.XD02208983.iso.1,0.5,0.5,3,2,Rv0678,,mtrB,true,true,Rv0678:c.-11C>A;mtrB:p.Met517Leu;mtrB:p.Pro18Ser
site.10.subj.XD02435891.lab.XD02435891.iso.1,0.5,0.5,2,2,,Rv1979c,mtrB,true,false,Rv1979c:p.Arg409Gln;mtrB:p.Met517Leu
site.10.subj.XI00147693.lab.XI00147693.iso.1,0.5,0.5,1,1,,,mtrB,true,false,mtrB:p.Met517Leu
site.10.subj.YA00046803.lab.YA00046803.iso.1,0.5,0.5,1,1,,,mtrB,true,false,mtrB:p.Met517Leu
site.10.subj.YA00053964.lab.YA00053964.iso.1,0.5,0.5,0,0,,,,false,false,
site.14.subj.2738.lab.2738.iso.1,0.5,0.5,0,0,,,,false,false,
site.06.subj.06TB_1030.lab.06MIL2035.iso.1,1.0,1.0,1,1,,,mtrB,true,false,mtrB:p.Met517Leu
site.06.subj.AF11681.lab.06MIL1559.iso.1,1.0,1.0,2,1,,,mtrB,true,true,mtrB:p.Met517Leu;mtrB:p.Pro18Ser
site.06.subj.D156716.lab.06MIL1347.iso.1,1.0,1.0,3,2,,glpK,mtrB,true,false,glpK:c.1134C>T;glpK:c.510C>T;mtrB:p.Met517Leu
site.08.subj.02TB1949.lab.22656.iso.1,1.0,1.0,1,1,,,mtrB,true,false,mtrB:p.Met517Leu
site.10.subj.BC01599194.lab.BC01599194.iso.1,1.0,1.0,3,2,,glpK,mtrB,true,false,glpK:c.1102C>T;glpK:c.1134C>T;mtrB:p.Met517Leu
site.10.subj.XD02481495.lab.XD02481495.iso.1,1.0,1.0,2,2,,Rv1979c,mtrB,true,false,Rv1979c:p.Arg409Gln;mtrB:p.Met517Leu
site.10.subj.YA00127802.lab.YA00127802.iso.1,1.0,1.0,3,2,,glpK,mtrB,true,false,glpK:c.1102C>T;glpK:c.1134C>T;mtrB:p.Met517Leu
site.10.subj.YA00131246.lab.YA00131246.iso.1,1.0,1.0,2,1,,,mtrB,true,true,mtrB:p.Met517Leu;mtrB:p.Pro18Ser
site.10.subj.YA00134729.lab.YA00134729.iso.1,1.0,1.0,3,3,Rv0678,Rv1979c,mtrB,true,false,Rv0678:p.Ser64fs;Rv1979c:p.Arg409Gln;mtrB:p.Met517Leu
site.10.subj.YA00015979.lab.YA00015979.iso.1,2.0,2.0,2,2,,glpK,mtrB,true,false,glpK:p.Glu454fs;mtrB:p.Met517Leu
site.03.subj.GB-85160118.lab.IML-02002.iso.1,>1,>1_to_2,2,1,,,mtrB,true,true,mtrB:p.Met517Leu;mtrB:p.Pro18Ser
site.05.subj.CA-0962.lab.CO-15165-18.iso.1,>1,>1_to_2,1,1,,,mtrB,true,false,mtrB:p.Met517Leu
site.06.subj.IR14.lab.06MIL1838.iso.1,>1,>1_to_2,1,1,,,mtrB,true,false,mtrB:p.Met517Leu
site.06.subj.IR33.lab.06MIL1857.iso.1,>1,>1_to_2,1,1,,,mtrB,true,false,mtrB:p.Met517Leu
site.02.subj.0364.lab.231002-14.iso.1,>2,>2,1,1,,,mtrB,true,false,mtrB:p.Met517Leu
site.04.subj.00433.lab.703904.iso.1,>2,>2,2,1,,,mtrB,true,true,mtrB:p.Met517Leu;mtrB:p.Pro18Ser
site.04.subj.00753.lab.705331.iso.1,>2,>2,2,1,,,mtrB,true,true,mtrB:p.Met517Leu;mtrB:p.Pro18Ser
site.10.subj.YA00026182.lab.YA00026182.iso.1,>2,>2,1,1,,,mtrB,true,false,mtrB:p.Met517Leu
