rank,combo_signature,genes,fn_isolates,fp_isolates,error_isolates,example_unique_id,example_bdq_mic,example_prediction,example_call_source_summary
1,Rv0678:p.Met146Thr:R:direct_record_match | mtrB:p.Met517Leu:UNKNOWN:unsupported_variant,Rv0678;mmpL5;mtrB,0,11,11,site.06.subj.SW215.lab.06MIL2110.iso.1,0.12,R,direct_record_match:3|unsupported_variant:1
2,mtrB:p.Met517Leu:UNKNOWN:unsupported_variant | mtrB:p.Pro18Ser:UNKNOWN:unsupported_variant,Rv0678;mmpL5;mtrB,10,0,10,site.02.subj.0513.lab.241127-14.iso.1,0.5,S,direct_record_match:3|unsupported_variant:2
3,Rv1979c:p.Arg409Gln:UNKNOWN:unsupported_variant | mtrB:p.Met517Leu:UNKNOWN:unsupported_variant,Rv0678;Rv1979c;mmpL5;mtrB,7,0,7,site.10.subj.TD02649443.lab.TD02649443.iso.1,0.5,S,direct_record_match:2|unsupported_variant:2
4,glpK:c.1134C>T:UNKNOWN:unsupported_variant | mtrB:p.Met517Leu:UNKNOWN:unsupported_variant,Rv0678;atpE;glpK;mmpL5;mtrB,6,0,6,site.02.subj.0370.lab.222044-14.iso.1,0.5,S,direct_record_match:2|snapshot_virtual:1|unsupported_variant:2
5,Rv0678:p.Asp47fs:R:consequence_inferred | mtrB:p.Met517Leu:UNKNOWN:unsupported_variant,Rv0678;mmpL5;mtrB,0,6,6,site.03.subj.BOR-13462-16.lab.IML-00757.iso.1,0.12,R,consequence_inferred:1|direct_record_match:1|unsupported_variant:1
6,Rv0678:p.Arg90Cys:R:snapshot_virtual | mtrB:p.Met517Leu:UNKNOWN:unsupported_variant,Rv0678;mmpL5;mtrB,0,4,4,site.05.subj.CA-0159.lab.CO-08307-18.iso.1,0.06,R,direct_record_match:1|snapshot_virtual:1|unsupported_variant:1
7,Rv0678:p.Asp47fs:R:consequence_inferred | Rv1979c:p.Arg409Gln:UNKNOWN:unsupported_variant | mtrB:p.Met517Leu:UNKNOWN:unsupported_variant,Rv0678;Rv1979c;mmpL5;mtrB,0,4,4,site.10.subj.TD02660918.lab.TD02660918.iso.1,0.12,R,consequence_inferred:1|direct_record_match:2|unsupported_variant:2
8,Rv0678:p.Cys46fs:R:consequence_inferred | Rv1979c:p.Arg409Gln:UNKNOWN:unsupported_variant | mtrB:p.Met517Leu:UNKNOWN:unsupported_variant,Rv0678;Rv1979c;mmpL5;mtrB,0,4,4,site.10.subj.UH01208742.lab.UH01208742.iso.1,0.25,R,consequence_inferred:1|direct_record_match:2|unsupported_variant:2
9,mtrB:p.Met517Leu:UNKNOWN:unsupported_variant | pepQ:p.Val328Phe:R:snapshot_virtual,mmpL5;mtrB;pepQ,0,3,3,site.05.subj.LS-1644.lab.MA-00546-19.iso.1,0.06,R,direct_record_match:1|snapshot_virtual:1|unsupported_variant:1
10,glpK:c.1134C>T:UNKNOWN:unsupported_variant | glpK:c.510C>T:UNKNOWN:unsupported_variant | mtrB:p.Met517Leu:UNKNOWN:unsupported_variant | pepQ:p.Ile193Thr:R:snapshot_virtual,glpK;mmpL5;mtrB;pepQ,0,3,3,site.06.subj.NHM_0284-14.lab.06MIL0319.iso.1,0.12,R,direct_record_match:2|snapshot_virtual:1|unsupported_variant:3
11,Rv0678:p.Gln51Arg:R:snapshot_virtual | mtrB:p.Met517Leu:UNKNOWN:unsupported_variant | mtrB:p.Pro18Ser:UNKNOWN:unsupported_variant,Rv0678;mmpL5;mtrB,0,2,2,site.02.subj.0899.lab.22A133.iso.1,0.25,R,direct_record_match:2|snapshot_virtual:1|unsupported_variant:2
12,Rv0678:p.Asp47fs:R:consequence_inferred | mtrB:p.Met517Leu:UNKNOWN:unsupported_variant | mtrB:p.Pro18Ser:UNKNOWN:unsupported_variant,Rv0678;mmpL5;mtrB,0,2,2,site.04.subj.01357.lab.723016.iso.1,0.06,R,consequence_inferred:1|direct_record_match:3|unsupported_variant:2
13,Rv0678:p.Leu117Arg:R:direct_record_match | glpK:c.1134C>T:UNKNOWN:unsupported_variant | mtrB:p.Met517Leu:UNKNOWN:unsupported_variant,Rv0678;glpK;mmpL5;mtrB,0,2,2,site.04.subj.01522.lab.729771.iso.1,0.25,R,direct_record_match:3|unsupported_variant:2
14,mmpL5:c.-100G>A:UNKNOWN:unsupported_variant | mmpS5:p.Gly109Asp:UNKNOWN:unsupported_variant | mtrB:p.Met517Leu:UNKNOWN:unsupported_variant | pepQ:p.Thr341Ala:R:snapshot_virtual,mmpL5;mmpS5;mtrB;pepQ,0,2,2,site.08.subj.02TB2596.lab.25914.iso.1,<=0.015,R,direct_record_match:2|snapshot_virtual:1|unsupported_variant:3
15,Rv0678:c.-11C>A:UNKNOWN:unsupported_variant | atpE:p.Glu61Asp:R:direct_record_match | mtrB:p.Met517Leu:UNKNOWN:unsupported_variant | mtrB:p.Pro18Ser:UNKNOWN:unsupported_variant,Rv0678;atpE;mmpL5;mmpS5;mtrB,0,2,2,site.10.subj.UH01130344.lab.UH01130344.iso.1,0.12,R,direct_record_match:5|unsupported_variant:3
16,Rv0678:c.-11C>A:UNKNOWN:unsupported_variant | mtrB:p.Met517Leu:UNKNOWN:unsupported_variant | mtrB:p.Pro18Ser:UNKNOWN:unsupported_variant,Rv0678;mmpL5;mmpS5;mtrB,1,0,1,site.10.subj.XD02208983.lab.XD02208983.iso.1,0.5,S,direct_record_match:4|unsupported_variant:3
17,Rv0678:p.Ser64fs:UNKNOWN:unsupported_variant | Rv1979c:p.Arg409Gln:UNKNOWN:unsupported_variant | mtrB:p.Met517Leu:UNKNOWN:unsupported_variant,Rv0678;Rv1979c;mmpL5;mtrB,1,0,1,site.10.subj.YA00134729.lab.YA00134729.iso.1,1.0,S,direct_record_match:2|unsupported_variant:3
18,Rv0678:p.Ala101Glu:UNKNOWN:unsupported_variant | glpK:p.Val353Phe:R:snapshot_virtual | mtrB:p.Met517Leu:UNKNOWN:unsupported_variant,Rv0678;glpK;mmpL5;mtrB,0,1,1,site.02.subj.0006.lab.2014222013.iso.1,0.25,R,direct_record_match:3|snapshot_virtual:1|unsupported_variant:2
19,Rv0678:p.Pro14Ser:UNKNOWN:unsupported_variant | Rv0678:p.Tyr26Cys:R:snapshot_virtual | mtrB:p.Met517Leu:UNKNOWN:unsupported_variant | mtrB:p.Pro18Ser:UNKNOWN:unsupported_variant,Rv0678;mmpL5;mtrB,0,1,1,site.02.subj.0126.lab.22A080.iso.1,0.25,R,direct_record_match:2|snapshot_virtual:1|unsupported_variant:3
20,Rv0678:p.Met17Val:R:consequence_inferred | mtrB:p.Met517Leu:UNKNOWN:unsupported_variant,Rv0678;mmpL5;mtrB,0,1,1,site.02.subj.0275.lab.2014234022.iso.1,0.03,R,consequence_inferred:1|direct_record_match:1|unsupported_variant:1
21,Rv0678:p.Ser52Pro:R:snapshot_virtual | mtrB:p.Met517Leu:UNKNOWN:unsupported_variant | mtrB:p.Pro18Ser:UNKNOWN:unsupported_variant,Rv0678;mmpL5;mtrB,0,1,1,site.02.subj.0292.lab.2014235041.iso.1,0.06,R,direct_record_match:3|snapshot_virtual:1|unsupported_variant:2
22,Rv0678:p.Tyr92fs:R:consequence_inferred | mtrB:p.Met517Leu:UNKNOWN:unsupported_variant | mtrB:p.Pro18Ser:UNKNOWN:unsupported_variant,Rv0678;mmpL5;mtrB,0,1,1,site.02.subj.0945.lab.22A180.iso.1,0.25,R,consequence_inferred:1|direct_record_match:2|unsupported_variant:2
23,Rv0678:p.Ser68Gly:R:snapshot_virtual | mtrB:p.Met517Leu:UNKNOWN:unsupported_variant | mtrB:p.Pro18Ser:UNKNOWN:unsupported_variant,Rv0678;mmpL5;mtrB,0,1,1,site.02.subj.1188.lab.2015291003.iso.1,0.12,R,direct_record_match:3|snapshot_virtual:1|unsupported_variant:2
24,Rv0678:p.Cys46fs:R:consequence_inferred | mtrB:p.Met517Leu:UNKNOWN:unsupported_variant | mtrB:p.Pro18Ser:UNKNOWN:unsupported_variant,Rv0678;mmpL5;mtrB,0,1,1,site.03.subj.DR-141.lab.IML-01116.iso.1,0.12,R,consequence_inferred:1|direct_record_match:3|unsupported_variant:2
25,pepQ:p.Ala153Gly:R:snapshot_virtual,mmpL5;pepQ,0,1,1,site.03.subj.GB-90920055.lab.IML-01977.iso.1,0.03,R,direct_record_match:1|snapshot_virtual:1
26,Rv0678:p.Leu117Arg:R:direct_record_match | mtrB:p.Met517Leu:UNKNOWN:unsupported_variant | mtrB:p.Pro18Ser:UNKNOWN:unsupported_variant,Rv0678;mmpL5;mtrB,0,1,1,site.03.subj.KGZ-5296-2018.lab.5296-2018.iso.1,0.06,R,direct_record_match:4|unsupported_variant:2
27,Rv0678:p.Asn70Lys:R:snapshot_virtual | mtrB:p.Met517Leu:UNKNOWN:unsupported_variant | mtrB:p.Pro18Ser:UNKNOWN:unsupported_variant,Rv0678;mmpL5;mtrB,0,1,1,site.03.subj.KGZ-5751-2018.lab.5751-2018.iso.1,0.03,R,direct_record_match:2|snapshot_virtual:1|unsupported_variant:2
28,Rv0678:p.Leu32Ser:R:direct_record_match | mtrB:p.Met517Leu:UNKNOWN:unsupported_variant | mtrB:p.Pro18Ser:UNKNOWN:unsupported_variant,Rv0678;mmpL5;mtrB,0,1,1,site.03.subj.T8250.lab.IML00150.iso.1,0.12,R,direct_record_match:4|unsupported_variant:2
29,Rv0678:p.Gln115*:R:direct_record_match | mtrB:p.Met517Leu:UNKNOWN:unsupported_variant | mtrB:p.Pro18Ser:UNKNOWN:unsupported_variant,Rv0678;mmpL5;mtrB,0,1,1,site.03.subj.UA1-2017.lab.UA1-2017.iso.1,0.12,R,direct_record_match:4|unsupported_variant:2
30,Rv0678:p.Gly155fs:R:consequence_inferred | mtrB:p.Met517Leu:UNKNOWN:unsupported_variant | mtrB:p.Pro18Ser:UNKNOWN:unsupported_variant,Rv0678;mmpL5;mtrB,0,1,1,site.04.subj.00297.lab.700367.iso.1,0.12,R,consequence_inferred:1|direct_record_match:3|unsupported_variant:2
31,mmpL5:p.Val344Leu:UNKNOWN:unsupported_variant | mtrB:p.Met517Leu:UNKNOWN:unsupported_variant | pepQ:p.Ser99Arg:R:snapshot_virtual,mmpL5;mtrB;pepQ,0,1,1,site.04.subj.01132.lab.721386.iso.1,0.06,R,direct_record_match:1|snapshot_virtual:1|unsupported_variant:2
32,Rv0678:p.Ile80Ser:R:snapshot_virtual | Rv1979c:p.Val108fs:UNKNOWN:unsupported_variant | glpK:p.Val460Ala:UNKNOWN:unsupported_variant | mtrB:p.Met517Leu:UNKNOWN:unsupported_variant,Rv0678;Rv1979c;glpK;mmpL5;mtrB,0,1,1,site.04.subj.01476.lab.727345.iso.1,0.03,R,direct_record_match:3|snapshot_virtual:1|unsupported_variant:3
33,Rv0678:p.Met139Ile:R:consequence_inferred | mtrB:p.Met517Leu:UNKNOWN:unsupported_variant,Rv0678;mmpL5;mtrB,0,1,1,site.05.subj.PMFR-0710.lab.MFR-164.iso.1,0.25,R,consequence_inferred:1|direct_record_match:1|unsupported_variant:1
34,Rv0678:p.Trp42Arg:R:snapshot_virtual | Rv1979c:p.Val426Ile:UNKNOWN:unsupported_variant | mtrB:p.Met517Leu:UNKNOWN:unsupported_variant | mtrB:p.Pro18Ser:UNKNOWN:unsupported_variant,Rv0678;Rv1979c;mmpL5;mtrB,0,1,1,site.05.subj.PMFR-0748.lab.MFR-256.iso.1,0.25,R,direct_record_match:3|snapshot_virtual:1|unsupported_variant:3
35,Rv0678:p.Arg72Trp:R:snapshot_virtual | mtrB:p.Met517Leu:UNKNOWN:unsupported_variant,Rv0678;mmpL5;mtrB,0,1,1,site.05.subj.PMOP-0521.lab.MOP-037.iso.1,0.06,R,direct_record_match:1|snapshot_virtual:1|unsupported_variant:1
36,Rv0678:p.Arg90Cys:R:snapshot_virtual | mmpL5:p.Ala667Ser:UNKNOWN:unsupported_variant | mtrB:p.Met517Leu:UNKNOWN:unsupported_variant,Rv0678;mmpL5;mtrB,0,1,1,site.05.subj.PSLM-0756.lab.SLM-008.iso.1,0.12,R,direct_record_match:1|snapshot_virtual:1|unsupported_variant:2
37,mtrB:p.Met517Leu:UNKNOWN:unsupported_variant | pepQ:p.Leu107Arg:R:snapshot_virtual,mmpL5;mtrB;pepQ,0,1,1,site.05.subj.PTAN-0106.lab.TAN-322.iso.1,0.03,R,direct_record_match:1|snapshot_virtual:1|unsupported_variant:1
38,Rv0678:p.Pro48Leu:R:snapshot_virtual,Rv0678;mmpL5,0,1,1,site.05.subj.PTAN-0348.lab.TAN-372.iso.1,0.25,R,direct_record_match:1|snapshot_virtual:1
39,Rv0678:p.Leu74Val:R:snapshot_virtual | mtrB:p.Met517Leu:UNKNOWN:unsupported_variant,Rv0678;mmpL5;mtrB,0,1,1,site.05.subj.PTAN-0404.lab.TAN-680.iso.1,0.25,R,direct_record_match:1|snapshot_virtual:1|unsupported_variant:1
40,pepQ:p.Arg170Trp:R:snapshot_virtual,mmpL5;pepQ,0,1,1,site.06.subj.06TB_0414.lab.06MIL1005.iso.1,<=0.008,R,direct_record_match:1|snapshot_virtual:1
41,Rv0678:p.Met10Ile:R:consequence_inferred | Rv1979c:p.Phe144fs:UNKNOWN:unsupported_variant | mmpS5:c.-114C>G:UNKNOWN:unsupported_variant | mtrB:p.Met517Leu:UNKNOWN:unsupported_variant,Rv0678;Rv1979c;mmpL5;mmpS5;mtrB,0,1,1,site.06.subj.06TB_1049.lab.06MIL2063.iso.1,0.12,R,consequence_inferred:1|direct_record_match:2|unsupported_variant:3
42,Rv0678:p.Ala59Val:R:snapshot_virtual | atpB:p.His250Pro:UNKNOWN:unsupported_variant | atpE:c.-53A>C:UNKNOWN:unsupported_variant,Rv0678;atpB;atpE;mmpL5,0,1,1,site.06.subj.06TB_1616.lab.06MIL2895.iso.1,0.12,R,direct_record_match:1|snapshot_virtual:1|unsupported_variant:2
43,atpE:p.Ala18Ser:R:snapshot_virtual | glpK:c.1134C>T:UNKNOWN:unsupported_variant | mtrB:p.Met517Leu:UNKNOWN:unsupported_variant,atpE;glpK;mmpL5;mtrB,0,1,1,site.06.subj.JHL_0044-14.lab.06MIL0167.iso.1,0.06,R,direct_record_match:2|snapshot_virtual:1|unsupported_variant:2
44,glpK:c.1134C>T:UNKNOWN:unsupported_variant | glpK:c.510C>T:UNKNOWN:unsupported_variant | mtrB:p.Met517Leu:UNKNOWN:unsupported_variant | pepQ:p.Met180Val:R:consequence_inferred,glpK;mmpL5;mtrB;pepQ,0,1,1,site.06.subj.JHL_0057-14.lab.06MIL0233.iso.1,0.06,R,consequence_inferred:1|direct_record_match:2|unsupported_variant:3
45,Rv0678:p.Arg90Cys:R:snapshot_virtual | mtrB:p.Met517Leu:UNKNOWN:unsupported_variant | mtrB:p.Pro18Ser:UNKNOWN:unsupported_variant,Rv0678;mmpL5;mtrB,0,1,1,site.08.subj.02TB1636.lab.20938.iso.1,0.25,R,direct_record_match:2|snapshot_virtual:1|unsupported_variant:2
46,glpK:p.Val460Ala:UNKNOWN:unsupported_variant | mtrB:p.Met517Leu:UNKNOWN:unsupported_variant | pepQ:p.Met180Thr:R:consequence_inferred,Rv1979c;glpK;mmpL5;mtrB;pepQ,0,1,1,site.08.subj.02TB2213.lab.26203.iso.1,<=0.015,R,consequence_inferred:2|direct_record_match:3|snapshot_virtual:1|unsupported_variant:2
47,mtrB:p.Met517Leu:UNKNOWN:unsupported_variant | mtrB:p.Pro18Ser:UNKNOWN:unsupported_variant | pepQ:p.Arg170Trp:R:snapshot_virtual,mmpL5;mtrB;pepQ,0,1,1,site.08.subj.02TB2587.lab.26066.iso.1,0.03,R,direct_record_match:3|snapshot_virtual:1|unsupported_variant:2
48,glpK:p.Trp55Gly:R:snapshot_virtual | glpK:p.Val460Ala:UNKNOWN:unsupported_variant | mtrB:p.Met517Leu:UNKNOWN:unsupported_variant | pepQ:p.Ala124Val:UNKNOWN:unsupported_variant,Rv1979c;glpK;mmpL5;mtrB;pepQ,0,1,1,site.08.subj.24TB00-007.lab.2251.iso.1,<=0.015,R,consequence_inferred:1|direct_record_match:3|snapshot_virtual:2|unsupported_variant:3
49,Rv0678:p.Thr58Pro:R:snapshot_virtual | mtrB:p.Met517Leu:UNKNOWN:unsupported_variant | mtrB:p.Pro18Ser:UNKNOWN:unsupported_variant,Rv0678;Rv1979c;mmpL5;mtrB,0,1,1,site.10.subj.IG01333458.lab.IG01333458.iso.1,0.06,R,direct_record_match:3|snapshot_virtual:2|unsupported_variant:2
50,Rv0678:p.Leu40Ser:R:snapshot_virtual | mtrB:p.Met517Leu:UNKNOWN:unsupported_variant | mtrB:p.Pro18Ser:UNKNOWN:unsupported_variant,Rv0678;mmpL5;mtrB,0,1,1,site.10.subj.KH00420169.lab.KH00420169.iso.1,0.06,R,direct_record_match:3|snapshot_virtual:1|unsupported_variant:2
51,Rv1979c:p.Glu38Asp:UNKNOWN:unsupported_variant | mtrB:p.Met517Leu:UNKNOWN:unsupported_variant | pepQ:p.Val273fs:R:consequence_inferred,Rv1979c;mmpL5;mtrB;pepQ,0,1,1,site.10.subj.LD02850110.lab.LD02850110.iso.1,0.25,R,consequence_inferred:1|direct_record_match:1|unsupported_variant:2
52,Rv0678:p.Cys46fs:R:consequence_inferred | Rv1979c:p.Glu38Asp:UNKNOWN:unsupported_variant | glpK:c.1317G>A:UNKNOWN:unsupported_variant | mtrB:p.Met517Leu:UNKNOWN:unsupported_variant,Rv0678;Rv1979c;glpK;mmpL5;mtrB,0,1,1,site.10.subj.NM00830377.lab.NM00830377.iso.1,0.12,R,consequence_inferred:1|direct_record_match:1|unsupported_variant:3
53,Rv0678:p.Cys46Gly:R:snapshot_virtual | Rv1979c:p.Arg409Gln:UNKNOWN:unsupported_variant | mtrB:p.Met517Leu:UNKNOWN:unsupported_variant,Rv0678;Rv1979c;mmpL5;mtrB,0,1,1,site.10.subj.UH00840979.lab.UH00840979.iso.1,0.25,R,direct_record_match:2|snapshot_virtual:1|unsupported_variant:2
54,Rv1979c:p.Arg409Gln:UNKNOWN:unsupported_variant | mtrB:p.Met517Leu:UNKNOWN:unsupported_variant | pepQ:p.His100fs:R:consequence_inferred,Rv1979c;mmpL5;mtrB;pepQ,0,1,1,site.10.subj.UH01266140.lab.UH01266140.iso.1,0.25,R,consequence_inferred:1|direct_record_match:2|unsupported_variant:2
55,Rv0678:p.Asn70Asp:R:direct_record_match | Rv1979c:p.Arg409Gln:UNKNOWN:unsupported_variant | mtrB:p.Met517Leu:UNKNOWN:unsupported_variant,Rv0678;Rv1979c;mmpL5;mtrB,0,1,1,site.10.subj.WK00295183.lab.WK00295183.iso.1,0.25,R,direct_record_match:3|unsupported_variant:2
56,Rv0678:p.Asp47fs:R:consequence_inferred | mtrB:p.Glu429Gly:R:snapshot_virtual | mtrB:p.Met517Leu:UNKNOWN:unsupported_variant | mtrB:p.Pro18Ser:UNKNOWN:unsupported_variant,Rv0678;mmpL5;mtrB,0,1,1,site.10.subj.XD00862120.lab.XD00862120.iso.1,0.25,R,consequence_inferred:1|direct_record_match:4|snapshot_virtual:1|unsupported_variant:2
57,Rv0678:p.Asp47fs:R:consequence_inferred | Rv1979c:p.Glu38Asp:UNKNOWN:unsupported_variant | mtrB:p.Met517Leu:UNKNOWN:unsupported_variant,Rv0678;Rv1979c;mmpL5;mtrB,0,1,1,site.10.subj.XD01277187.lab.XD01277187.iso.1,0.25,R,consequence_inferred:1|direct_record_match:1|unsupported_variant:2
58,Rv0678:c.-11C>A:UNKNOWN:unsupported_variant | Rv0678:p.Asp47fs:R:consequence_inferred | mtrB:p.Met517Leu:UNKNOWN:unsupported_variant | mtrB:p.Pro18Ser:UNKNOWN:unsupported_variant,Rv0678;mmpL5;mmpS5;mtrB,0,1,1,site.10.subj.XD02156639.lab.XD02156639.iso.1,0.25,R,consequence_inferred:1|direct_record_match:4|unsupported_variant:3
59,Rv0678:c.-11C>A:UNKNOWN:unsupported_variant | Rv0678:p.Cys46fs:R:consequence_inferred | mtrB:p.Met517Leu:UNKNOWN:unsupported_variant | mtrB:p.Pro18Ser:UNKNOWN:unsupported_variant,Rv0678;mmpL5;mmpS5;mtrB,0,1,1,site.10.subj.XG00534041.lab.XG00534041.iso.1,0.25,R,consequence_inferred:1|direct_record_match:4|unsupported_variant:3
60,Rv0678:p.Cys46Arg:R:direct_record_match | mtrB:p.Met517Leu:UNKNOWN:unsupported_variant,Rv0678;mmpL5;mtrB,0,1,1,site.10.subj.YA00028138.lab.YA00028138.iso.1,0.25,R,direct_record_match:3|unsupported_variant:1
61,Rv0678:p.Met139Ile:R:consequence_inferred | glpK:p.Gly191fs:UNKNOWN:unsupported_variant | mtrB:p.Met517Leu:UNKNOWN:unsupported_variant,Rv0678;glpK;mmpL5;mtrB,0,1,1,site.10.subj.YA00050836.lab.YA00050836.iso.1,0.06,R,consequence_inferred:1|direct_record_match:1|unsupported_variant:2
62,mtrB:p.Met517Leu:UNKNOWN:unsupported_variant | pepQ:p.Ile24Thr:R:snapshot_virtual,Rv1979c;mmpL5;mtrB;pepQ,0,1,1,site.10.subj.YA00106076.lab.YA00106076.iso.1,0.03,R,direct_record_match:2|snapshot_virtual:1|unsupported_variant:1
63,Rv0678:c.-11C>A:UNKNOWN:unsupported_variant | Rv0678:p.Arg96Trp:R:snapshot_virtual | mtrB:p.Met517Leu:UNKNOWN:unsupported_variant | mtrB:p.Pro18Ser:UNKNOWN:unsupported_variant,Rv0678;mmpL5;mmpS5;mtrB,0,1,1,site.20.subj.SCH8608291.lab.YA00135762.iso.1,0.12,R,direct_record_match:4|snapshot_virtual:1|unsupported_variant:3
64,mtrB:p.Met517Leu:UNKNOWN:unsupported_variant,mmpL5;mtrB,10,0,10,site.02.subj.0364.lab.231002-14.iso.1,>2,S,direct_record_match:1|unsupported_variant:1
65,Rv1979c:p.Asp249Glu:UNKNOWN:unsupported_variant | glpK:c.1134C>T:UNKNOWN:unsupported_variant | mtrB:p.Met517Leu:UNKNOWN:unsupported_variant,Rv1979c;glpK;mmpL5;mtrB,3,0,3,site.04.subj.00929.lab.716654.iso.1,0.5,S,direct_record_match:2|unsupported_variant:3
66,(only_current_S_or_common_markers),mmpL5,3,0,3,site.10.subj.BC01591120.lab.BC01591120.iso.1,0.5,S,direct_record_match:1
67,glpK:p.Trp513Arg:R:snapshot_virtual | mtrB:p.Met517Leu:UNKNOWN:unsupported_variant | mtrB:p.Pro18Ser:UNKNOWN:unsupported_variant,glpK;mmpL5;mtrB,0,3,3,site.02.subj.0120.lab.22A074.iso.1,0.06,R,direct_record_match:2|snapshot_virtual:1|unsupported_variant:2
68,mtrB:p.Met517Leu:UNKNOWN:unsupported_variant | mtrB:p.Phe175Leu:R:snapshot_virtual,mmpL5;mtrB,0,3,3,site.06.subj.06TB_1034.lab.06MIL2039.iso.1,0.06,R,direct_record_match:1|snapshot_virtual:1|unsupported_variant:1
69,atpB:p.Thr166Met:UNKNOWN:unsupported_variant | glpK:c.1102C>T:UNKNOWN:unsupported_variant | glpK:c.1134C>T:UNKNOWN:unsupported_variant | mtrB:p.Met517Leu:UNKNOWN:unsupported_variant,atpB;glpK;mmpL5;mtrB,2,0,2,site.10.subj.BC01599194.lab.BC01599194.iso.1,1.0,S,direct_record_match:2|unsupported_variant:4
70,glpK:p.Cys29Tyr:R:snapshot_virtual,glpK;mmpL5,0,2,2,site.03.subj.GB-82740128.lab.82740128.iso.1,0.06,R,direct_record_match:1|snapshot_virtual:1
71,glpK:p.Val460Ala:UNKNOWN:unsupported_variant | mmpL5:p.Phe696Leu:UNKNOWN:unsupported_variant | mtrB:p.Gly90Arg:R:snapshot_virtual | mtrB:p.Met517Leu:UNKNOWN:unsupported_variant,Rv1979c;glpK;mmpL5;mtrB,0,2,2,site.04.subj.00076.lab.700654.iso.1,<=0.015,R,direct_record_match:4|snapshot_virtual:1|unsupported_variant:3
72,glpK:c.1134C>T:UNKNOWN:unsupported_variant | glpK:p.Leu466Phe:R:snapshot_virtual | mtrB:p.Met517Leu:UNKNOWN:unsupported_variant,glpK;mmpL5;mtrB,0,2,2,site.04.subj.00886.lab.716012.iso.1,0.06,R,direct_record_match:2|snapshot_virtual:1|unsupported_variant:2
73,mtrB:p.Met517Leu:UNKNOWN:unsupported_variant | mtrB:p.Pro18Ser:UNKNOWN:unsupported_variant | mtrB:p.Thr66Ile:R:snapshot_virtual,mmpL5;mtrB,0,2,2,site.08.subj.05TB13002.lab.23372.iso.1,<=0.015,R,direct_record_match:3|snapshot_virtual:1|unsupported_variant:2
74,glpK:p.Val192Met:UNKNOWN:unsupported_variant | mtrB:p.Met517Leu:UNKNOWN:unsupported_variant | mtrB:p.Pro18Ser:UNKNOWN:unsupported_variant,glpK;mmpL5;mtrB,1,0,1,site.02.subj.0943.lab.22A178.iso.1,0.5,S,direct_record_match:2|unsupported_variant:3
75,mmpL5:p.Leu709Ile:UNKNOWN:unsupported_variant | mtrB:p.Met517Leu:UNKNOWN:unsupported_variant,mmpL5;mtrB,1,0,1,site.06.subj.06TB_1416.lab.06MIL2694.iso.1,0.5,S,direct_record_match:2|unsupported_variant:2
76,glpK:c.1134C>T:UNKNOWN:unsupported_variant | glpK:c.510C>T:UNKNOWN:unsupported_variant | mtrB:p.Met517Leu:UNKNOWN:unsupported_variant,glpK;mmpL5;mtrB,1,0,1,site.06.subj.D156716.lab.06MIL1347.iso.1,1.0,S,direct_record_match:2|unsupported_variant:3
77,glpK:p.Val460Ala:UNKNOWN:unsupported_variant | mtrB:p.Met517Leu:UNKNOWN:unsupported_variant,Rv1979c;glpK;mmpL5;mtrB,1,0,1,site.10.subj.CG04456887.lab.CG04456887.iso.1,0.5,S,direct_record_match:3|unsupported_variant:2
78,glpK:p.Glu454fs:UNKNOWN:unsupported_variant | mtrB:p.Met517Leu:UNKNOWN:unsupported_variant,glpK;mmpL5;mtrB,1,0,1,site.10.subj.YA00015979.lab.YA00015979.iso.1,2.0,S,direct_record_match:2|unsupported_variant:2
79,glpK:p.Pro489Arg:R:snapshot_virtual | mtrB:p.Met517Leu:UNKNOWN:unsupported_variant,glpK;mmpL5;mtrB,0,1,1,site.02.subj.0110.lab.22A064.iso.1,<=0.015,R,direct_record_match:1|snapshot_virtual:1|unsupported_variant:1
80,glpK:p.Ser73Trp:R:snapshot_virtual | mtrB:p.Met517Leu:UNKNOWN:unsupported_variant,glpK;mmpL5;mtrB,0,1,1,site.02.subj.0160.lab.2013232023.iso.1,0.03,R,direct_record_match:1|snapshot_virtual:1|unsupported_variant:1
