model,feature,feature_group,mean_present_log_odds_weight
all_features,gene_atpE_frameshift,core,4.746610
all_features,gene_lpqB_frameshift,secondary,4.746610
all_features,gene_lpqB_present,secondary,4.746610
all_features,gene_lpqB_r_call,secondary,4.746610
all_features,gene_lpqB_unsupported,secondary,4.746610
all_features,gene_mmpL5_r_call,secondary,4.746610
all_features,gene_mmpS5_r_call,secondary,4.746610
all_features,gene_mtrA_frameshift,context,4.746610
all_features,r_call_count_ge_2,burden,4.746610
all_features,gene_pepQ_frameshift,core,4.364702
all_features,gene_mtrB_frameshift,context,4.192093
all_features,gene_atpE_r_call,core,4.101577
all_features,consequence_r_count_ge_1,burden,3.794964
all_features,gene_Rv0678_r_call,core,3.561578
all_features,direct_r_count_ge_1,burden,3.512624
all_features,core_r_call,core,3.388047
all_features,gene_mtrA_r_call,context,3.343181
all_features,gene_mmpS5_frameshift,secondary,3.328595
all_features,gene_Rv0678_frameshift,core,3.088908
all_features,gene_Rv1979c_r_call,secondary,3.030097
all_features,baseline_pred_R,baseline,2.868460
all_features,r_call_count_ge_1,burden,2.868460
all_features,gene_pepQ_r_call,core,2.575282
all_features,gene_Rv0678_present,core,2.459535
all_features,snapshot_r_count_ge_1,burden,2.183136
all_features,secondary_r_call,secondary,2.096544
all_features,gene_atpE_present,core,2.096246
all_features,core_present,core,2.027233
all_features,gene_glpK_r_call,secondary,1.992690
all_features,gene_mtrB_r_call,context,1.873174
all_features,context_r_call,context,1.708386
all_features,gene_mtrA_unsupported,context,1.598476
all_features,baseline_pred_UNKNOWN,baseline,1.563832
all_features,gene_Rv1979c_frameshift,secondary,1.471167
all_features,gene_atpE_unsupported,core,1.440092
all_features,gene_Rv1979c_unsupported,secondary,1.261077
all_features,gene_mmpL5_frameshift,secondary,0.924477
all_features,gene_mtrA_present,context,0.924470
all_features,gene_glpK_frameshift,secondary,0.897932
all_features,gene_mmpS5_unsupported,secondary,0.840699
all_features,mtrB_Met517Leu_plus_secondary,mtrb,0.821794
all_features,secondary_unsupported,secondary,0.742069
all_features,gene_glpK_present,secondary,0.686122
all_features,gene_glpK_unsupported,secondary,0.666875
all_features,gene_Rv0678_unsupported,core,0.652342
all_features,gene_Rv1979c_present,secondary,0.638115
all_features,unsupported_count_ge_3,burden,0.621301
all_features,gene_pepQ_unsupported,core,0.599168
all_features,gene_mmpS5_present,secondary,0.553827
all_features,mtrB_Met517Leu_plus_core,mtrb,0.464937
all_features,gene_pepQ_present,core,0.411291
all_features,variant_count_ge_4,burden,0.394617
all_features,baseline_pred_S,baseline,-0.378665
all_features,variant_count_ge_6,burden,0.362268
all_features,mtrB_Pro18Ser,mtrb,-0.318045
all_features,mtrB_double_hit,mtrb,-0.318045
all_features,unsupported_count_ge_2,burden,0.302734
all_features,core_unsupported,core,0.197301
all_features,gene_mmpL5_unsupported,secondary,-0.069295
all_features,unsupported_count_ge_1,burden,-0.023378
all_features,secondary_present,secondary,-0.014522
all_features,gene_mmpL5_present,secondary,-0.013812
all_features,s_call_count_ge_1,burden,-0.013575
all_features,direct_s_count_ge_1,burden,-0.013456
all_features,variant_count_ge_2,burden,-0.013391
all_features,mtrB_Met517Leu,mtrb,0.004853
all_features,context_unsupported,context,0.003831
all_features,gene_mtrB_unsupported,context,0.003831
all_features,gene_mtrB_present,context,0.002172
all_features,context_present,context,0.001917
baseline_only,baseline_pred_R,baseline,2.868460
baseline_only,baseline_pred_UNKNOWN,baseline,1.563832
baseline_only,baseline_pred_S,baseline,-0.378665
no_core,gene_lpqB_frameshift,secondary,4.746610
no_core,gene_lpqB_present,secondary,4.746610
no_core,gene_lpqB_r_call,secondary,4.746610
no_core,gene_lpqB_unsupported,secondary,4.746610
no_core,gene_mmpL5_r_call,secondary,4.746610
no_core,gene_mmpS5_r_call,secondary,4.746610
no_core,gene_mtrA_frameshift,context,4.746610
no_core,r_call_count_ge_2,burden,4.746610
no_core,gene_mtrB_frameshift,context,4.192093
no_core,consequence_r_count_ge_1,burden,3.794964
no_core,direct_r_count_ge_1,burden,3.512624
no_core,gene_mtrA_r_call,context,3.343181
no_core,gene_mmpS5_frameshift,secondary,3.328595
no_core,gene_Rv1979c_r_call,secondary,3.030097
no_core,baseline_pred_R,baseline,2.868460
no_core,r_call_count_ge_1,burden,2.868460
no_core,snapshot_r_count_ge_1,burden,2.183136
no_core,secondary_r_call,secondary,2.096544
no_core,gene_glpK_r_call,secondary,1.992690
no_core,gene_mtrB_r_call,context,1.873174
no_core,context_r_call,context,1.708386
no_core,gene_mtrA_unsupported,context,1.598476
no_core,baseline_pred_UNKNOWN,baseline,1.563832
no_core,gene_Rv1979c_frameshift,secondary,1.471167
no_core,gene_Rv1979c_unsupported,secondary,1.261077
no_core,gene_mmpL5_frameshift,secondary,0.924477
no_core,gene_mtrA_present,context,0.924470
no_core,gene_glpK_frameshift,secondary,0.897932
no_core,gene_mmpS5_unsupported,secondary,0.840699
no_core,mtrB_Met517Leu_plus_secondary,mtrb,0.821794
no_core,secondary_unsupported,secondary,0.742069
no_core,gene_glpK_present,secondary,0.686122
no_core,gene_glpK_unsupported,secondary,0.666875
no_core,gene_Rv1979c_present,secondary,0.638115
no_core,unsupported_count_ge_3,burden,0.621301
no_core,gene_mmpS5_present,secondary,0.553827
no_core,mtrB_Met517Leu_plus_core,mtrb,0.464937
no_core,variant_count_ge_4,burden,0.394617
no_core,baseline_pred_S,baseline,-0.378665
no_core,variant_count_ge_6,burden,0.362268
no_core,mtrB_Pro18Ser,mtrb,-0.318045
no_core,mtrB_double_hit,mtrb,-0.318045
no_core,unsupported_count_ge_2,burden,0.302734
no_core,gene_mmpL5_unsupported,secondary,-0.069295
no_core,unsupported_count_ge_1,burden,-0.023378
no_core,secondary_present,secondary,-0.014522
no_core,gene_mmpL5_present,secondary,-0.013812
no_core,s_call_count_ge_1,burden,-0.013575
no_core,direct_s_count_ge_1,burden,-0.013456
no_core,variant_count_ge_2,burden,-0.013391
no_core,mtrB_Met517Leu,mtrb,0.004853
no_core,context_unsupported,context,0.003831
no_core,gene_mtrB_unsupported,context,0.003831
no_core,gene_mtrB_present,context,0.002172
no_core,context_present,context,0.001917
no_mtrb,gene_atpE_frameshift,core,4.746610
no_mtrb,gene_lpqB_frameshift,secondary,4.746610
no_mtrb,gene_lpqB_present,secondary,4.746610
no_mtrb,gene_lpqB_r_call,secondary,4.746610
no_mtrb,gene_lpqB_unsupported,secondary,4.746610
no_mtrb,gene_mmpL5_r_call,secondary,4.746610
no_mtrb,gene_mmpS5_r_call,secondary,4.746610
no_mtrb,gene_mtrA_frameshift,context,4.746610
no_mtrb,r_call_count_ge_2,burden,4.746610
no_mtrb,gene_pepQ_frameshift,core,4.364702
no_mtrb,gene_mtrB_frameshift,context,4.192093
no_mtrb,gene_atpE_r_call,core,4.101577
no_mtrb,consequence_r_count_ge_1,burden,3.794964
no_mtrb,gene_Rv0678_r_call,core,3.561578
no_mtrb,direct_r_count_ge_1,burden,3.512624
no_mtrb,core_r_call,core,3.388047
no_mtrb,gene_mtrA_r_call,context,3.343181
no_mtrb,gene_mmpS5_frameshift,secondary,3.328595
no_mtrb,gene_Rv0678_frameshift,core,3.088908
no_mtrb,gene_Rv1979c_r_call,secondary,3.030097
no_mtrb,baseline_pred_R,baseline,2.868460
no_mtrb,r_call_count_ge_1,burden,2.868460
no_mtrb,gene_pepQ_r_call,core,2.575282
no_mtrb,gene_Rv0678_present,core,2.459535
no_mtrb,snapshot_r_count_ge_1,burden,2.183136
no_mtrb,secondary_r_call,secondary,2.096544
no_mtrb,gene_atpE_present,core,2.096246
no_mtrb,core_present,core,2.027233
no_mtrb,gene_glpK_r_call,secondary,1.992690
no_mtrb,gene_mtrB_r_call,context,1.873174
no_mtrb,context_r_call,context,1.708386
no_mtrb,gene_mtrA_unsupported,context,1.598476
no_mtrb,baseline_pred_UNKNOWN,baseline,1.563832
no_mtrb,gene_Rv1979c_frameshift,secondary,1.471167
no_mtrb,gene_atpE_unsupported,core,1.440092
no_mtrb,gene_Rv1979c_unsupported,secondary,1.261077
no_mtrb,gene_mmpL5_frameshift,secondary,0.924477
no_mtrb,gene_mtrA_present,context,0.924470
no_mtrb,gene_glpK_frameshift,secondary,0.897932
no_mtrb,gene_mmpS5_unsupported,secondary,0.840699
no_mtrb,secondary_unsupported,secondary,0.742069
no_mtrb,gene_glpK_present,secondary,0.686122
no_mtrb,gene_glpK_unsupported,secondary,0.666875
no_mtrb,gene_Rv0678_unsupported,core,0.652342
no_mtrb,gene_Rv1979c_present,secondary,0.638115
no_mtrb,unsupported_count_ge_3,burden,0.621301
no_mtrb,gene_pepQ_unsupported,core,0.599168
no_mtrb,gene_mmpS5_present,secondary,0.553827
no_mtrb,gene_pepQ_present,core,0.411291
no_mtrb,variant_count_ge_4,burden,0.394617
no_mtrb,baseline_pred_S,baseline,-0.378665
no_mtrb,variant_count_ge_6,burden,0.362268
no_mtrb,unsupported_count_ge_2,burden,0.302734
no_mtrb,core_unsupported,core,0.197301
no_mtrb,gene_mmpL5_unsupported,secondary,-0.069295
no_mtrb,unsupported_count_ge_1,burden,-0.023378
no_mtrb,secondary_present,secondary,-0.014522
no_mtrb,gene_mmpL5_present,secondary,-0.013812
no_mtrb,s_call_count_ge_1,burden,-0.013575
no_mtrb,direct_s_count_ge_1,burden,-0.013456
no_mtrb,variant_count_ge_2,burden,-0.013391
no_mtrb,context_unsupported,context,0.003831
no_mtrb,gene_mtrB_unsupported,context,0.003831
no_mtrb,gene_mtrB_present,context,0.002172
no_mtrb,context_present,context,0.001917
no_secondary,gene_atpE_frameshift,core,4.746610
no_secondary,gene_mtrA_frameshift,context,4.746610
no_secondary,r_call_count_ge_2,burden,4.746610
no_secondary,gene_pepQ_frameshift,core,4.364702
no_secondary,gene_mtrB_frameshift,context,4.192093
no_secondary,gene_atpE_r_call,core,4.101577
no_secondary,consequence_r_count_ge_1,burden,3.794964
no_secondary,gene_Rv0678_r_call,core,3.561578
no_secondary,direct_r_count_ge_1,burden,3.512624
no_secondary,core_r_call,core,3.388047
no_secondary,gene_mtrA_r_call,context,3.343181
no_secondary,gene_Rv0678_frameshift,core,3.088908
no_secondary,baseline_pred_R,baseline,2.868460
no_secondary,r_call_count_ge_1,burden,2.868460
no_secondary,gene_pepQ_r_call,core,2.575282
no_secondary,gene_Rv0678_present,core,2.459535
no_secondary,snapshot_r_count_ge_1,burden,2.183136
no_secondary,gene_atpE_present,core,2.096246
no_secondary,core_present,core,2.027233
no_secondary,gene_mtrB_r_call,context,1.873174
no_secondary,context_r_call,context,1.708386
no_secondary,gene_mtrA_unsupported,context,1.598476
no_secondary,baseline_pred_UNKNOWN,baseline,1.563832
no_secondary,gene_atpE_unsupported,core,1.440092
no_secondary,gene_mtrA_present,context,0.924470
no_secondary,mtrB_Met517Leu_plus_secondary,mtrb,0.821794
no_secondary,gene_Rv0678_unsupported,core,0.652342
no_secondary,unsupported_count_ge_3,burden,0.621301
no_secondary,gene_pepQ_unsupported,core,0.599168
no_secondary,mtrB_Met517Leu_plus_core,mtrb,0.464937
no_secondary,gene_pepQ_present,core,0.411291
no_secondary,variant_count_ge_4,burden,0.394617
no_secondary,baseline_pred_S,baseline,-0.378665
no_secondary,variant_count_ge_6,burden,0.362268
no_secondary,mtrB_Pro18Ser,mtrb,-0.318045
no_secondary,mtrB_double_hit,mtrb,-0.318045
no_secondary,unsupported_count_ge_2,burden,0.302734
no_secondary,core_unsupported,core,0.197301
no_secondary,unsupported_count_ge_1,burden,-0.023378
no_secondary,s_call_count_ge_1,burden,-0.013575
no_secondary,direct_s_count_ge_1,burden,-0.013456
no_secondary,variant_count_ge_2,burden,-0.013391
no_secondary,mtrB_Met517Leu,mtrb,0.004853
no_secondary,context_unsupported,context,0.003831
no_secondary,gene_mtrB_unsupported,context,0.003831
no_secondary,gene_mtrB_present,context,0.002172
no_secondary,context_present,context,0.001917
