rank,category,gene,mutation,region_type,variant_class,consequence,current_variant_prediction,call_source,phenotype_r_carriers,phenotype_s_carriers,r_carrier_fraction,fn_isolates,fp_isolates,tp_isolates,tn_isolates,variant_r_calls,variant_s_calls,variant_unknown_calls
1,P0_FN_CORE_UNSUPPORTED,Rv0678,p.Ser64fs,CDS,frameshift,,UNKNOWN,unsupported_variant,1,35,0.0278,1,0,0,35,0,0,36
2,P0_FN_CORE_UNSUPPORTED,Rv0678,c.-11C>A,REGULATORY,regulatory,,UNKNOWN,unsupported_variant,1,62,0.0159,1,5,0,57,0,0,63
3,P0_FP_R_CALL_CALIBRATION,Rv0678,p.Asp47fs,CDS,frameshift,,R,consequence_inferred,4,15,0.2105,0,15,4,0,19,0,0
4,P0_FP_R_CALL_CALIBRATION,Rv0678,p.Cys46fs,CDS,frameshift,,R,consequence_inferred,1,7,0.1250,0,7,1,0,8,0,0
5,P0_FP_R_CALL_CALIBRATION,Rv0678,p.Tyr92fs,CDS,frameshift,,R,consequence_inferred,1,1,0.5000,0,1,1,0,2,0,0
6,P0_FP_R_CALL_CALIBRATION,Rv0678,p.Gly155fs,CDS,frameshift,,R,consequence_inferred,2,1,0.6667,0,1,2,0,3,0,0
7,P0_FP_R_CALL_CALIBRATION,pepQ,p.Val273fs,CDS,frameshift,,R,consequence_inferred,1,1,0.5000,0,1,1,0,2,0,0
8,P0_FP_R_CALL_CALIBRATION,pepQ,p.His100fs,CDS,frameshift,,R,consequence_inferred,0,1,0.0000,0,1,0,0,1,0,0
9,P0_FP_R_CALL_CALIBRATION,Rv0678,p.Arg90Cys,CDS,protein_substitution,,R,snapshot_virtual,1,6,0.1429,0,6,1,0,7,0,0
10,P0_FP_R_CALL_CALIBRATION,pepQ,p.Val328Phe,CDS,protein_substitution,,R,snapshot_virtual,0,3,0.0000,0,3,0,0,3,0,0
11,P0_FP_R_CALL_CALIBRATION,pepQ,p.Ile193Thr,CDS,protein_substitution,,R,snapshot_virtual,0,3,0.0000,0,3,0,0,3,0,0
12,P0_FP_R_CALL_CALIBRATION,Rv0678,p.Gln51Arg,CDS,protein_substitution,,R,snapshot_virtual,1,2,0.3333,0,2,1,0,3,0,0
13,P0_FP_R_CALL_CALIBRATION,Rv0678,p.Met139Ile,CDS,protein_substitution,,R,consequence_inferred,0,2,0.0000,0,2,0,0,2,0,0
14,P0_FP_R_CALL_CALIBRATION,pepQ,p.Arg170Trp,CDS,protein_substitution,,R,snapshot_virtual,0,2,0.0000,0,2,0,0,2,0,0
15,P0_FP_R_CALL_CALIBRATION,pepQ,p.Thr341Ala,CDS,protein_substitution,,R,snapshot_virtual,0,2,0.0000,0,2,0,0,2,0,0
16,P0_FP_R_CALL_CALIBRATION,Rv0678,p.Tyr26Cys,CDS,protein_substitution,,R,snapshot_virtual,0,1,0.0000,0,1,0,0,1,0,0
17,P0_FP_R_CALL_CALIBRATION,Rv0678,p.Met17Val,CDS,protein_substitution,,R,consequence_inferred,0,1,0.0000,0,1,0,0,1,0,0
18,P0_FP_R_CALL_CALIBRATION,Rv0678,p.Ser52Pro,CDS,protein_substitution,,R,snapshot_virtual,0,1,0.0000,0,1,0,0,1,0,0
19,P0_FP_R_CALL_CALIBRATION,Rv0678,p.Ser68Gly,CDS,protein_substitution,,R,snapshot_virtual,0,1,0.0000,0,1,0,0,1,0,0
20,P0_FP_R_CALL_CALIBRATION,pepQ,p.Ala153Gly,CDS,protein_substitution,,R,snapshot_virtual,0,1,0.0000,0,1,0,0,1,0,0
21,P0_FP_R_CALL_CALIBRATION,Rv0678,p.Asn70Lys,CDS,protein_substitution,,R,snapshot_virtual,0,1,0.0000,0,1,0,0,1,0,0
22,P0_FP_R_CALL_CALIBRATION,pepQ,p.Ser99Arg,CDS,protein_substitution,,R,snapshot_virtual,0,1,0.0000,0,1,0,0,1,0,0
23,P0_FP_R_CALL_CALIBRATION,Rv0678,p.Ile80Ser,CDS,protein_substitution,,R,snapshot_virtual,0,1,0.0000,0,1,0,0,1,0,0
24,P0_FP_R_CALL_CALIBRATION,Rv0678,p.Trp42Arg,CDS,protein_substitution,,R,snapshot_virtual,0,1,0.0000,0,1,0,0,1,0,0
25,P0_FP_R_CALL_CALIBRATION,Rv0678,p.Arg72Trp,CDS,protein_substitution,,R,snapshot_virtual,0,1,0.0000,0,1,0,0,1,0,0
26,P0_FP_R_CALL_CALIBRATION,pepQ,p.Leu107Arg,CDS,protein_substitution,,R,snapshot_virtual,0,1,0.0000,0,1,0,0,1,0,0
27,P0_FP_R_CALL_CALIBRATION,Rv0678,p.Pro48Leu,CDS,protein_substitution,,R,snapshot_virtual,1,1,0.5000,0,1,1,0,2,0,0
28,P0_FP_R_CALL_CALIBRATION,Rv0678,p.Leu74Val,CDS,protein_substitution,,R,snapshot_virtual,0,1,0.0000,0,1,0,0,1,0,0
29,P0_FP_R_CALL_CALIBRATION,Rv0678,p.Met10Ile,CDS,protein_substitution,,R,consequence_inferred,0,1,0.0000,0,1,0,0,1,0,0
30,P0_FP_R_CALL_CALIBRATION,Rv0678,p.Ala59Val,CDS,protein_substitution,,R,snapshot_virtual,0,1,0.0000,0,1,0,0,1,0,0
31,P0_FP_R_CALL_CALIBRATION,atpE,p.Ala18Ser,CDS,protein_substitution,,R,snapshot_virtual,0,1,0.0000,0,1,0,0,1,0,0
32,P0_FP_R_CALL_CALIBRATION,pepQ,p.Met180Val,CDS,protein_substitution,,R,consequence_inferred,0,1,0.0000,0,1,0,0,1,0,0
33,P0_FP_R_CALL_CALIBRATION,pepQ,p.Met180Thr,CDS,protein_substitution,,R,consequence_inferred,0,1,0.0000,0,1,0,0,1,0,0
34,P0_FP_R_CALL_CALIBRATION,Rv0678,p.Thr58Pro,CDS,protein_substitution,,R,snapshot_virtual,0,1,0.0000,0,1,0,0,1,0,0
35,P0_FP_R_CALL_CALIBRATION,Rv0678,p.Leu40Ser,CDS,protein_substitution,,R,snapshot_virtual,0,1,0.0000,0,1,0,0,1,0,0
36,P0_FP_R_CALL_CALIBRATION,Rv0678,p.Cys46Gly,CDS,protein_substitution,,R,snapshot_virtual,0,1,0.0000,0,1,0,0,1,0,0
37,P0_FP_R_CALL_CALIBRATION,pepQ,p.Ile24Thr,CDS,protein_substitution,,R,snapshot_virtual,0,1,0.0000,0,1,0,0,1,0,0
38,P0_FP_R_CALL_CALIBRATION,Rv0678,p.Arg96Trp,CDS,protein_substitution,,R,snapshot_virtual,0,1,0.0000,0,1,0,0,1,0,0
39,P0_FP_R_CALL_CALIBRATION,Rv1979c,p.Ser358*,CDS,nonsense,,R,snapshot_virtual,0,2,0.0000,0,2,0,0,2,0,0
40,P0_FP_R_CALL_CALIBRATION,Rv1979c,p.Gln385*,CDS,nonsense,,R,snapshot_virtual,0,1,0.0000,0,1,0,0,1,0,0
41,P0_FP_R_CALL_CALIBRATION,glpK,p.Gln508*,CDS,nonsense,,R,snapshot_virtual,0,1,0.0000,0,1,0,0,1,0,0
42,P0_FP_R_CALL_CALIBRATION,glpK,p.Trp513Arg,CDS,protein_substitution,,R,snapshot_virtual,0,3,0.0000,0,3,0,0,3,0,0
43,P0_FP_R_CALL_CALIBRATION,glpK,p.Cys29Tyr,CDS,protein_substitution,,R,snapshot_virtual,0,2,0.0000,0,2,0,0,2,0,0
44,P0_FP_R_CALL_CALIBRATION,glpK,p.Leu466Phe,CDS,protein_substitution,,R,snapshot_virtual,0,2,0.0000,0,2,0,0,2,0,0
45,P0_FP_R_CALL_CALIBRATION,glpK,p.Val353Phe,CDS,protein_substitution,,R,snapshot_virtual,0,1,0.0000,0,1,0,0,1,0,0
46,P0_FP_R_CALL_CALIBRATION,glpK,p.Pro489Arg,CDS,protein_substitution,,R,snapshot_virtual,0,1,0.0000,0,1,0,0,1,0,0
47,P0_FP_R_CALL_CALIBRATION,glpK,p.Ser73Trp,CDS,protein_substitution,,R,snapshot_virtual,0,1,0.0000,0,1,0,0,1,0,0
48,P0_FP_R_CALL_CALIBRATION,Rv1979c,p.Ala105Asp,CDS,protein_substitution,,R,snapshot_virtual,0,1,0.0000,0,1,0,0,1,0,0
49,P0_FP_R_CALL_CALIBRATION,glpK,p.Gln404Glu,CDS,protein_substitution,,R,snapshot_virtual,0,1,0.0000,0,1,0,0,1,0,0
50,P0_FP_R_CALL_CALIBRATION,glpK,p.Arg225Trp,CDS,protein_substitution,,R,snapshot_virtual,0,1,0.0000,0,1,0,0,1,0,0
51,P0_FP_R_CALL_CALIBRATION,glpK,p.Ile223Thr,CDS,protein_substitution,,R,snapshot_virtual,0,1,0.0000,0,1,0,0,1,0,0
52,P0_FP_R_CALL_CALIBRATION,Rv1979c,p.Val72Gly,CDS,protein_substitution,,R,snapshot_virtual,0,1,0.0000,0,1,0,0,1,0,0
53,P0_FP_R_CALL_CALIBRATION,glpK,p.Arg334Gly,CDS,protein_substitution,,R,snapshot_virtual,0,1,0.0000,0,1,0,0,1,0,0
54,P0_FP_R_CALL_CALIBRATION,Rv1979c,p.Ser237Leu,CDS,protein_substitution,,R,snapshot_virtual,0,1,0.0000,0,1,0,0,1,0,0
55,P0_FP_R_CALL_CALIBRATION,glpK,p.Glu276Gly,CDS,protein_substitution,,R,snapshot_virtual,0,1,0.0000,0,1,0,0,1,0,0
56,P0_FP_R_CALL_CALIBRATION,Rv1979c,p.Tyr79Cys,CDS,protein_substitution,,R,snapshot_virtual,0,1,0.0000,0,1,0,0,1,0,0
57,P0_FP_R_CALL_CALIBRATION,glpK,p.Ala364Val,CDS,protein_substitution,,R,snapshot_virtual,0,1,0.0000,0,1,0,0,1,0,0
58,P0_FP_R_CALL_CALIBRATION,glpK,p.Phe365Leu,CDS,protein_substitution,,R,snapshot_virtual,0,1,0.0000,0,1,0,0,1,0,0
59,P0_FP_R_CALL_CALIBRATION,glpK,p.Glu38Gly,CDS,protein_substitution,,R,snapshot_virtual,0,1,0.0000,0,1,0,0,1,0,0
60,P0_FP_R_CALL_CALIBRATION,Rv1979c,p.Arg88Leu,CDS,protein_substitution,,R,snapshot_virtual,0,1,0.0000,0,1,0,0,1,0,0
61,P0_FP_R_CALL_CALIBRATION,glpK,p.Gln262Arg,CDS,protein_substitution,,R,snapshot_virtual,0,1,0.0000,0,1,0,0,1,0,0
62,P0_FP_R_CALL_CALIBRATION,glpK,p.Thr185Ile,CDS,protein_substitution,,R,snapshot_virtual,0,1,0.0000,0,1,0,0,1,0,0
63,P0_FP_R_CALL_CALIBRATION,glpK,p.Ser124Pro,CDS,protein_substitution,,R,snapshot_virtual,0,1,0.0000,0,1,0,0,1,0,0
64,P0_FP_R_CALL_CALIBRATION,Rv1979c,p.Arg70Ser,CDS,protein_substitution,,R,snapshot_virtual,0,1,0.0000,0,1,0,0,1,0,0
65,P0_FP_R_CALL_CALIBRATION,glpK,p.Asp177Gly,CDS,protein_substitution,,R,snapshot_virtual,0,1,0.0000,0,1,0,0,1,0,0
66,P0_FP_R_CALL_CALIBRATION,glpK,p.Glu57Gly,CDS,protein_substitution,,R,snapshot_virtual,0,1,0.0000,0,1,0,0,1,0,0
67,P0_FP_R_CALL_CALIBRATION,glpK,p.Ile49Thr,CDS,protein_substitution,,R,snapshot_virtual,0,1,0.0000,0,1,0,0,1,0,0
68,P0_FP_R_CALL_CALIBRATION,Rv1979c,p.Leu229Ser,CDS,protein_substitution,,R,snapshot_virtual,0,1,0.0000,0,1,0,0,1,0,0
69,P0_FP_R_CALL_CALIBRATION,glpK,p.Pro51Ala,CDS,protein_substitution,,R,snapshot_virtual,0,1,0.0000,0,1,0,0,1,0,0
70,P0_FP_R_CALL_CALIBRATION,glpK,p.Phe32Cys,CDS,protein_substitution,,R,snapshot_virtual,0,1,0.0000,0,1,0,0,1,0,0
71,P0_FP_R_CALL_CALIBRATION,glpK,p.Phe32Val,CDS,protein_substitution,,R,snapshot_virtual,0,1,0.0000,0,1,0,0,1,0,0
72,P0_FP_R_CALL_CALIBRATION,glpK,p.Ile429Thr,CDS,protein_substitution,,R,snapshot_virtual,0,1,0.0000,0,1,0,0,1,0,0
73,P0_FP_R_CALL_CALIBRATION,glpK,p.Trp55Gly,CDS,protein_substitution,,R,snapshot_virtual,0,1,0.0000,0,1,0,0,1,0,0
74,P0_FP_R_CALL_CALIBRATION,glpK,p.Met412Thr,CDS,protein_substitution,,R,snapshot_virtual,0,1,0.0000,0,1,0,0,1,0,0
75,P0_FP_R_CALL_CALIBRATION,Rv1979c,p.Ala259Glu,CDS,protein_substitution,,R,snapshot_virtual,0,1,0.0000,0,1,0,0,1,0,0
76,P0_FP_R_CALL_CALIBRATION,glpK,p.Tyr308His,CDS,protein_substitution,,R,snapshot_virtual,0,1,0.0000,0,1,0,0,1,0,0
77,P0_FP_R_CALL_CALIBRATION,glpK,p.Asp446Tyr,CDS,protein_substitution,,R,snapshot_virtual,0,1,0.0000,0,1,0,0,1,0,0
78,P0_FP_R_CALL_CALIBRATION,mtrB,p.Asn545fs,CDS,frameshift,,R,consequence_inferred,0,1,0.0000,0,1,0,0,1,0,0
79,P0_FP_R_CALL_CALIBRATION,mtrB,p.Glu429Gly,CDS,protein_substitution,,R,snapshot_virtual,0,3,0.0000,0,3,0,0,3,0,0
80,P0_FP_R_CALL_CALIBRATION,mtrB,p.Phe175Leu,CDS,protein_substitution,,R,snapshot_virtual,0,3,0.0000,0,3,0,0,3,0,0
