unique_id,ena_sample,bdq_mic,mic_bin,taxonomy,variant_count,unsupported_count,direct_sensitive_count,core_unsupported,secondary_unsupported,context_unsupported,has_mtrB_Met517Leu,has_mtrB_Pro18Ser,common_background_variants,all_interpreted_variants
site.10.subj.XD02208983.lab.XD02208983.iso.1,ERS6421914,0.5,0.5,core_gene_unsupported,7,3,4,Rv0678:c.-11C>A,,mtrB:p.Met517Leu;mtrB:p.Pro18Ser,true,true,mtrB:p.Met517Leu;mtrB:p.Pro18Ser,mmpL5:p.Ile948Val[S/direct_record_match];mmpL5:p.Thr794Ile[S/direct_record_match];mmpL5:p.Asp767Asn[S/direct_record_match];mmpS5:c.-74G>T[S/direct_record_match];Rv0678:c.-11C>A[UNKNOWN/unsupported_variant];mtrB:p.Met517Leu[UNKNOWN/unsupported_variant];mtrB:p.Pro18Ser[UNKNOWN/unsupported_variant]
site.10.subj.YA00134729.lab.YA00134729.iso.1,ERS6403489,1.0,1.0,core_gene_unsupported,5,3,2,Rv0678:p.Ser64fs,Rv1979c:p.Arg409Gln,mtrB:p.Met517Leu,true,false,mtrB:p.Met517Leu,mmpL5:p.Ile948Val[S/direct_record_match];mmpL5:p.Thr794Ile[S/direct_record_match];Rv0678:p.Ser64fs[UNKNOWN/unsupported_variant];Rv1979c:p.Arg409Gln[UNKNOWN/unsupported_variant];mtrB:p.Met517Leu[UNKNOWN/unsupported_variant]
site.02.subj.0513.lab.241127-14.iso.1,ERS5298725,0.5,0.5,mtrB_double_hit_context,5,2,3,,,mtrB:p.Met517Leu;mtrB:p.Pro18Ser,true,true,mtrB:p.Met517Leu;mtrB:p.Pro18Ser,mmpL5:p.Ile948Val[S/direct_record_match];mmpL5:p.Thr794Ile[S/direct_record_match];mtrB:p.Met517Leu[UNKNOWN/unsupported_variant];mtrB:c.673C>T[S/direct_record_match];mtrB:p.Pro18Ser[UNKNOWN/unsupported_variant]
site.02.subj.0856.lab.2013251004.iso.1,ERS5301099,0.5,0.5,mtrB_double_hit_context,6,2,3,,,mtrB:p.Met517Leu;mtrB:p.Pro18Ser,true,true,mtrB:p.Met517Leu;mtrB:p.Pro18Ser,mmpL5:p.Ile948Val[S/direct_record_match];mmpL5:p.Thr794Ile[S/direct_record_match];mmpL5:p.Asp767Asn[S/direct_record_match];Rv0678:p.Leu40Met[S/snapshot_virtual];mtrB:p.Met517Leu[UNKNOWN/unsupported_variant];mtrB:p.Pro18Ser[UNKNOWN/unsupported_variant]
site.02.subj.0884.lab.22A118.iso.1,ERS5298503,0.5,0.5,mtrB_double_hit_context,6,2,3,,,mtrB:p.Met517Leu;mtrB:p.Pro18Ser,true,true,mtrB:p.Met517Leu;mtrB:p.Pro18Ser,mmpL5:p.Ile948Val[S/direct_record_match];mmpL5:p.Thr794Ile[S/direct_record_match];mmpL5:c.894G>A[S/direct_record_match];Rv0678:p.Phe19Ser[S/snapshot_virtual];mtrB:p.Met517Leu[UNKNOWN/unsupported_variant];mtrB:p.Pro18Ser[UNKNOWN/unsupported_variant]
site.02.subj.0943.lab.22A178.iso.1,ERS5301039,0.5,0.5,mtrB_double_hit_context,5,3,2,,glpK:p.Val192Met,mtrB:p.Met517Leu;mtrB:p.Pro18Ser,true,true,mtrB:p.Met517Leu;mtrB:p.Pro18Ser,mmpL5:p.Ile948Val[S/direct_record_match];mmpL5:p.Thr794Ile[S/direct_record_match];mtrB:p.Met517Leu[UNKNOWN/unsupported_variant];mtrB:p.Pro18Ser[UNKNOWN/unsupported_variant];glpK:p.Val192Met[UNKNOWN/unsupported_variant]
site.08.subj.05TB31024.lab.1900.iso.1,ERS5317325,0.5,0.5,mtrB_double_hit_context,4,2,2,,,mtrB:p.Met517Leu;mtrB:p.Pro18Ser,true,true,mtrB:p.Met517Leu;mtrB:p.Pro18Ser,mmpL5:p.Ile948Val[S/direct_record_match];mmpL5:p.Thr794Ile[S/direct_record_match];mtrB:p.Met517Leu[UNKNOWN/unsupported_variant];mtrB:p.Pro18Ser[UNKNOWN/unsupported_variant]
site.10.subj.XC00297731.lab.XC00297731.iso.1,ERS6403614,0.5,0.5,mtrB_double_hit_context,5,2,3,,,mtrB:p.Met517Leu;mtrB:p.Pro18Ser,true,true,mtrB:p.Met517Leu;mtrB:p.Pro18Ser,mmpL5:p.Ile948Val[S/direct_record_match];mmpL5:p.Thr794Ile[S/direct_record_match];mmpL5:p.Asp767Asn[S/direct_record_match];mtrB:p.Met517Leu[UNKNOWN/unsupported_variant];mtrB:p.Pro18Ser[UNKNOWN/unsupported_variant]
site.06.subj.AF11681.lab.06MIL1559.iso.1,ERS5318215,1.0,1.0,mtrB_double_hit_context,4,2,2,,,mtrB:p.Met517Leu;mtrB:p.Pro18Ser,true,true,mtrB:p.Met517Leu;mtrB:p.Pro18Ser,mmpL5:p.Ile948Val[S/direct_record_match];mmpL5:p.Thr794Ile[S/direct_record_match];mtrB:p.Met517Leu[UNKNOWN/unsupported_variant];mtrB:p.Pro18Ser[UNKNOWN/unsupported_variant]
site.10.subj.YA00131246.lab.YA00131246.iso.1,ERS6403400,1.0,1.0,mtrB_double_hit_context,5,2,3,,,mtrB:p.Met517Leu;mtrB:p.Pro18Ser,true,true,mtrB:p.Met517Leu;mtrB:p.Pro18Ser,mmpL5:p.Ile948Val[S/direct_record_match];mmpL5:p.Thr794Ile[S/direct_record_match];mmpL5:p.Asp767Asn[S/direct_record_match];mtrB:p.Met517Leu[UNKNOWN/unsupported_variant];mtrB:p.Pro18Ser[UNKNOWN/unsupported_variant]
site.03.subj.GB-85160118.lab.IML-02002.iso.1,ERS5320240,>1,>1_to_2,mtrB_double_hit_context,5,2,3,,,mtrB:p.Met517Leu;mtrB:p.Pro18Ser,true,true,mtrB:p.Met517Leu;mtrB:p.Pro18Ser,mmpL5:p.Ile948Val[S/direct_record_match];mmpL5:p.Thr794Ile[S/direct_record_match];mmpL5:p.Asp767Asn[S/direct_record_match];mtrB:p.Met517Leu[UNKNOWN/unsupported_variant];mtrB:p.Pro18Ser[UNKNOWN/unsupported_variant]
site.04.subj.00433.lab.703904.iso.1,ERS5281188,>2,>2,mtrB_double_hit_context,4,2,2,,,mtrB:p.Met517Leu;mtrB:p.Pro18Ser,true,true,mtrB:p.Met517Leu;mtrB:p.Pro18Ser,mmpL5:p.Ile948Val[S/direct_record_match];mmpL5:p.Thr794Ile[S/direct_record_match];mtrB:p.Met517Leu[UNKNOWN/unsupported_variant];mtrB:p.Pro18Ser[UNKNOWN/unsupported_variant]
site.04.subj.00753.lab.705331.iso.1,ERS5281655,>2,>2,mtrB_double_hit_context,4,2,2,,,mtrB:p.Met517Leu;mtrB:p.Pro18Ser,true,true,mtrB:p.Met517Leu;mtrB:p.Pro18Ser,mmpL5:p.Ile948Val[S/direct_record_match];mmpL5:p.Thr794Ile[S/direct_record_match];mtrB:p.Met517Leu[UNKNOWN/unsupported_variant];mtrB:p.Pro18Ser[UNKNOWN/unsupported_variant]
site.06.subj.SGD_0087-14.lab.06MIL0412.iso.1,ERS5319033,0.5,0.5,mtrB_met517_context_only,3,1,2,,,mtrB:p.Met517Leu,true,false,mtrB:p.Met517Leu,mmpL5:p.Ile948Val[S/direct_record_match];mmpL5:p.Thr794Ile[S/direct_record_match];mtrB:p.Met517Leu[UNKNOWN/unsupported_variant]
site.10.subj.XI00147693.lab.XI00147693.iso.1,ERS6403241,0.5,0.5,mtrB_met517_context_only,2,1,1,,,mtrB:p.Met517Leu,true,false,mtrB:p.Met517Leu,mmpL5:p.Ile948Val[S/direct_record_match];mtrB:p.Met517Leu[UNKNOWN/unsupported_variant]
site.10.subj.YA00046803.lab.YA00046803.iso.1,ERS5298331,0.5,0.5,mtrB_met517_context_only,3,1,2,,,mtrB:p.Met517Leu,true,false,mtrB:p.Met517Leu,mmpL5:p.Ile948Val[S/direct_record_match];mmpL5:c.1065G>T[S/direct_record_match];mtrB:p.Met517Leu[UNKNOWN/unsupported_variant]
site.06.subj.06TB_1030.lab.06MIL2035.iso.1,ERS5318575,1.0,1.0,mtrB_met517_context_only,2,1,1,,,mtrB:p.Met517Leu,true,false,mtrB:p.Met517Leu,mmpL5:p.Ile948Val[S/direct_record_match];mtrB:p.Met517Leu[UNKNOWN/unsupported_variant]
site.08.subj.02TB1949.lab.22656.iso.1,ERS5320987,1.0,1.0,mtrB_met517_context_only,3,1,2,,,mtrB:p.Met517Leu,true,false,mtrB:p.Met517Leu,mmpL5:p.Ile948Val[S/direct_record_match];mmpL5:p.Thr794Ile[S/direct_record_match];mtrB:p.Met517Leu[UNKNOWN/unsupported_variant]
site.05.subj.CA-0962.lab.CO-15165-18.iso.1,ERS5302138,>1,>1_to_2,mtrB_met517_context_only,2,1,1,,,mtrB:p.Met517Leu,true,false,mtrB:p.Met517Leu,mmpL5:p.Ile948Val[S/direct_record_match];mtrB:p.Met517Leu[UNKNOWN/unsupported_variant]
site.06.subj.IR14.lab.06MIL1838.iso.1,ERS5319829,>1,>1_to_2,mtrB_met517_context_only,2,1,1,,,mtrB:p.Met517Leu,true,false,mtrB:p.Met517Leu,mmpL5:p.Ile948Val[S/direct_record_match];mtrB:p.Met517Leu[UNKNOWN/unsupported_variant]
site.06.subj.IR33.lab.06MIL1857.iso.1,ERS5319848,>1,>1_to_2,mtrB_met517_context_only,2,1,1,,,mtrB:p.Met517Leu,true,false,mtrB:p.Met517Leu,mmpL5:p.Ile948Val[S/direct_record_match];mtrB:p.Met517Leu[UNKNOWN/unsupported_variant]
site.02.subj.0364.lab.231002-14.iso.1,ERS5298546,>2,>2,mtrB_met517_context_only,2,1,1,,,mtrB:p.Met517Leu,true,false,mtrB:p.Met517Leu,mmpL5:p.Ile948Val[S/direct_record_match];mtrB:p.Met517Leu[UNKNOWN/unsupported_variant]
site.10.subj.YA00026182.lab.YA00026182.iso.1,ERS5298230,>2,>2,mtrB_met517_context_only,2,1,1,,,mtrB:p.Met517Leu,true,false,mtrB:p.Met517Leu,mmpL5:p.Ile948Val[S/direct_record_match];mtrB:p.Met517Leu[UNKNOWN/unsupported_variant]
site.10.subj.BC01591120.lab.BC01591120.iso.1,ERS6403484,0.5,0.5,only_current_sensitive_markers,1,0,1,,,,false,false,,mmpL5:p.Ile948Val[S/direct_record_match]
site.10.subj.YA00053964.lab.YA00053964.iso.1,ERS6403377,0.5,0.5,only_current_sensitive_markers,1,0,1,,,,false,false,,mmpL5:p.Ile948Val[S/direct_record_match]
site.14.subj.2738.lab.2738.iso.1,ERS5304067,0.5,0.5,only_current_sensitive_markers,1,0,1,,,,false,false,,mmpL5:p.Ile948Val[S/direct_record_match]
site.02.subj.0370.lab.222044-14.iso.1,ERS5298537,0.5,0.5,secondary_gene_unsupported,5,2,2,,glpK:c.1134C>T,mtrB:p.Met517Leu,true,false,glpK:c.1134C>T;mtrB:p.Met517Leu,mmpL5:p.Ile948Val[S/direct_record_match];mmpL5:p.Thr794Ile[S/direct_record_match];Rv0678:p.Ile67Leu[S/snapshot_virtual];mtrB:p.Met517Leu[UNKNOWN/unsupported_variant];glpK:c.1134C>T[UNKNOWN/unsupported_variant]
site.04.subj.00929.lab.716654.iso.1,ERS5282197,0.5,0.5,secondary_gene_unsupported,5,3,2,,Rv1979c:p.Asp249Glu;glpK:c.1134C>T,mtrB:p.Met517Leu,true,false,glpK:c.1134C>T;mtrB:p.Met517Leu,mmpL5:p.Ile948Val[S/direct_record_match];mmpL5:p.Thr794Ile[S/direct_record_match];Rv1979c:p.Asp249Glu[UNKNOWN/unsupported_variant];mtrB:p.Met517Leu[UNKNOWN/unsupported_variant];glpK:c.1134C>T[UNKNOWN/unsupported_variant]
site.04.subj.01493.lab.727254.iso.1,ERS5282687,0.5,0.5,secondary_gene_unsupported,5,3,2,,Rv1979c:p.Asp249Glu;glpK:c.1134C>T,mtrB:p.Met517Leu,true,false,glpK:c.1134C>T;mtrB:p.Met517Leu,mmpL5:p.Ile948Val[S/direct_record_match];mmpL5:p.Thr794Ile[S/direct_record_match];Rv1979c:p.Asp249Glu[UNKNOWN/unsupported_variant];mtrB:p.Met517Leu[UNKNOWN/unsupported_variant];glpK:c.1134C>T[UNKNOWN/unsupported_variant]
site.04.subj.01521.lab.729857.iso.1,ERS5282782,0.5,0.5,secondary_gene_unsupported,5,3,2,,Rv1979c:p.Asp249Glu;glpK:c.1134C>T,mtrB:p.Met517Leu,true,false,glpK:c.1134C>T;mtrB:p.Met517Leu,mmpL5:p.Ile948Val[S/direct_record_match];mmpL5:p.Thr794Ile[S/direct_record_match];Rv1979c:p.Asp249Glu[UNKNOWN/unsupported_variant];mtrB:p.Met517Leu[UNKNOWN/unsupported_variant];glpK:c.1134C>T[UNKNOWN/unsupported_variant]
site.06.subj.06TB_1416.lab.06MIL2694.iso.1,ERS5318709,0.5,0.5,secondary_gene_unsupported,4,2,2,,mmpL5:p.Leu709Ile,mtrB:p.Met517Leu,true,false,mtrB:p.Met517Leu,mmpL5:p.Ile948Val[S/direct_record_match];mmpL5:p.Thr794Ile[S/direct_record_match];mmpL5:p.Leu709Ile[UNKNOWN/unsupported_variant];mtrB:p.Met517Leu[UNKNOWN/unsupported_variant]
site.06.subj.AF13199.lab.06MIL1560.iso.1,ERS5318216,0.5,0.5,secondary_gene_unsupported,5,2,2,,glpK:c.1134C>T,mtrB:p.Met517Leu,true,false,glpK:c.1134C>T;mtrB:p.Met517Leu,mmpL5:p.Ile948Val[S/direct_record_match];mmpL5:p.Thr794Ile[S/direct_record_match];Rv0678:p.Leu40Phe[S/snapshot_virtual];mtrB:p.Met517Leu[UNKNOWN/unsupported_variant];glpK:c.1134C>T[UNKNOWN/unsupported_variant]
site.06.subj.AF15143.lab.06MIL1545.iso.1,ERS5318201,0.5,0.5,secondary_gene_unsupported,5,2,3,,glpK:c.1134C>T,mtrB:p.Met517Leu,true,false,glpK:c.1134C>T;mtrB:p.Met517Leu,mmpL5:p.Ile948Val[S/direct_record_match];mmpL5:p.Thr794Ile[S/direct_record_match];atpE:c.54C>A[S/direct_record_match];mtrB:p.Met517Leu[UNKNOWN/unsupported_variant];glpK:c.1134C>T[UNKNOWN/unsupported_variant]
site.06.subj.MHL_0151-14.lab.06MIL0847.iso.1,ERS2395013,0.5,0.5,secondary_gene_unsupported,4,2,2,,glpK:c.1134C>T,mtrB:p.Met517Leu,true,false,glpK:c.1134C>T;mtrB:p.Met517Leu,mmpL5:p.Ile948Val[S/direct_record_match];mmpL5:p.Thr794Ile[S/direct_record_match];mtrB:p.Met517Leu[UNKNOWN/unsupported_variant];glpK:c.1134C>T[UNKNOWN/unsupported_variant]
site.06.subj.SGD_0026-14.lab.06MIL0269.iso.1,ERS5319044,0.5,0.5,secondary_gene_unsupported,4,2,2,,glpK:c.1134C>T,mtrB:p.Met517Leu,true,false,glpK:c.1134C>T;mtrB:p.Met517Leu,mmpL5:p.Ile948Val[S/direct_record_match];mmpL5:p.Thr794Ile[S/direct_record_match];mtrB:p.Met517Leu[UNKNOWN/unsupported_variant];glpK:c.1134C>T[UNKNOWN/unsupported_variant]
site.06.subj.SGD_0084-14.lab.06MIL0410.iso.1,ERS5319050,0.5,0.5,secondary_gene_unsupported,4,2,2,,glpK:c.1134C>T,mtrB:p.Met517Leu,true,false,glpK:c.1134C>T;mtrB:p.Met517Leu,mmpL5:p.Ile948Val[S/direct_record_match];mmpL5:p.Thr794Ile[S/direct_record_match];mtrB:p.Met517Leu[UNKNOWN/unsupported_variant];glpK:c.1134C>T[UNKNOWN/unsupported_variant]
site.10.subj.CG04456887.lab.CG04456887.iso.1,ERS6403515,0.5,0.5,secondary_gene_unsupported,5,2,3,,glpK:p.Val460Ala,mtrB:p.Met517Leu,true,false,mtrB:p.Met517Leu,mmpL5:p.Ile948Val[S/direct_record_match];mmpL5:p.Thr794Ile[S/direct_record_match];Rv1979c:p.Asp286Gly[S/direct_record_match];mtrB:p.Met517Leu[UNKNOWN/unsupported_variant];glpK:p.Val460Ala[UNKNOWN/unsupported_variant]
site.10.subj.TD02649443.lab.TD02649443.iso.1,ERS6421878,0.5,0.5,secondary_gene_unsupported,4,2,2,,Rv1979c:p.Arg409Gln,mtrB:p.Met517Leu,true,false,mtrB:p.Met517Leu,mmpL5:p.Ile948Val[S/direct_record_match];mmpL5:p.Thr794Ile[S/direct_record_match];Rv1979c:p.Arg409Gln[UNKNOWN/unsupported_variant];mtrB:p.Met517Leu[UNKNOWN/unsupported_variant]
site.10.subj.TD02990083.lab.TD02990083.iso.1,ERS6403517,0.5,0.5,secondary_gene_unsupported,4,2,2,,Rv1979c:p.Arg409Gln,mtrB:p.Met517Leu,true,false,mtrB:p.Met517Leu,mmpL5:p.Ile948Val[S/direct_record_match];mmpL5:p.Thr794Ile[S/direct_record_match];Rv1979c:p.Arg409Gln[UNKNOWN/unsupported_variant];mtrB:p.Met517Leu[UNKNOWN/unsupported_variant]
site.10.subj.UH01142796.lab.UH01142796.iso.1,ERS6421886,0.5,0.5,secondary_gene_unsupported,4,2,2,,Rv1979c:p.Arg409Gln,mtrB:p.Met517Leu,true,false,mtrB:p.Met517Leu,mmpL5:p.Ile948Val[S/direct_record_match];mmpL5:p.Thr794Ile[S/direct_record_match];Rv1979c:p.Arg409Gln[UNKNOWN/unsupported_variant];mtrB:p.Met517Leu[UNKNOWN/unsupported_variant]
site.10.subj.UH01206306.lab.UH01206306.iso.1,ERS6421890,0.5,0.5,secondary_gene_unsupported,4,2,2,,Rv1979c:p.Arg409Gln,mtrB:p.Met517Leu,true,false,mtrB:p.Met517Leu,mmpL5:p.Ile948Val[S/direct_record_match];mmpL5:p.Thr794Ile[S/direct_record_match];Rv1979c:p.Arg409Gln[UNKNOWN/unsupported_variant];mtrB:p.Met517Leu[UNKNOWN/unsupported_variant]
site.10.subj.XD01222808.lab.XD01222808.iso.1,ERS6403350,0.5,0.5,secondary_gene_unsupported,4,2,2,,Rv1979c:p.Arg409Gln,mtrB:p.Met517Leu,true,false,mtrB:p.Met517Leu,mmpL5:p.Ile948Val[S/direct_record_match];mmpL5:p.Thr794Ile[S/direct_record_match];Rv1979c:p.Arg409Gln[UNKNOWN/unsupported_variant];mtrB:p.Met517Leu[UNKNOWN/unsupported_variant]
site.10.subj.XD02435891.lab.XD02435891.iso.1,ERS6403326,0.5,0.5,secondary_gene_unsupported,5,2,2,,Rv1979c:p.Arg409Gln,mtrB:p.Met517Leu,true,false,mtrB:p.Met517Leu,mmpL5:p.Ile948Val[S/direct_record_match];mmpL5:p.Thr794Ile[S/direct_record_match];Rv0678:p.Arg109Pro[S/snapshot_virtual];Rv1979c:p.Arg409Gln[UNKNOWN/unsupported_variant];mtrB:p.Met517Leu[UNKNOWN/unsupported_variant]
site.06.subj.D156716.lab.06MIL1347.iso.1,ERS5320502,1.0,1.0,secondary_gene_unsupported,5,3,2,,glpK:c.1134C>T;glpK:c.510C>T,mtrB:p.Met517Leu,true,false,glpK:c.1134C>T;glpK:c.510C>T;mtrB:p.Met517Leu,mmpL5:p.Ile948Val[S/direct_record_match];mmpL5:p.Thr794Ile[S/direct_record_match];mtrB:p.Met517Leu[UNKNOWN/unsupported_variant];glpK:c.1134C>T[UNKNOWN/unsupported_variant];glpK:c.510C>T[UNKNOWN/unsupported_variant]
site.10.subj.BC01599194.lab.BC01599194.iso.1,ERS6403328,1.0,1.0,secondary_gene_unsupported,6,4,2,,glpK:c.1102C>T;glpK:c.1134C>T,mtrB:p.Met517Leu,true,false,glpK:c.1134C>T;mtrB:p.Met517Leu,mmpL5:p.Ile948Val[S/direct_record_match];mmpL5:p.Thr794Ile[S/direct_record_match];atpB:p.Thr166Met[UNKNOWN/unsupported_variant];mtrB:p.Met517Leu[UNKNOWN/unsupported_variant];glpK:c.1134C>T[UNKNOWN/unsupported_variant];glpK:c.1102C>T[UNKNOWN/unsupported_variant]
site.10.subj.XD02481495.lab.XD02481495.iso.1,ERS6403509,1.0,1.0,secondary_gene_unsupported,5,2,2,,Rv1979c:p.Arg409Gln,mtrB:p.Met517Leu,true,false,mtrB:p.Met517Leu,mmpL5:p.Ile948Val[S/direct_record_match];mmpL5:p.Thr794Ile[S/direct_record_match];Rv0678:p.Ala99Pro[S/snapshot_virtual];Rv1979c:p.Arg409Gln[UNKNOWN/unsupported_variant];mtrB:p.Met517Leu[UNKNOWN/unsupported_variant]
site.10.subj.YA00127802.lab.YA00127802.iso.1,ERS6422016,1.0,1.0,secondary_gene_unsupported,6,4,2,,glpK:c.1102C>T;glpK:c.1134C>T,mtrB:p.Met517Leu,true,false,glpK:c.1134C>T;mtrB:p.Met517Leu,mmpL5:p.Ile948Val[S/direct_record_match];mmpL5:p.Thr794Ile[S/direct_record_match];atpB:p.Thr166Met[UNKNOWN/unsupported_variant];mtrB:p.Met517Leu[UNKNOWN/unsupported_variant];glpK:c.1134C>T[UNKNOWN/unsupported_variant];glpK:c.1102C>T[UNKNOWN/unsupported_variant]
site.10.subj.YA00015979.lab.YA00015979.iso.1,ERS5298053,2.0,2.0,secondary_gene_unsupported,4,2,2,,glpK:p.Glu454fs,mtrB:p.Met517Leu,true,false,mtrB:p.Met517Leu,mmpL5:p.Ile948Val[S/direct_record_match];mmpL5:c.1065G>T[S/direct_record_match];mtrB:p.Met517Leu[UNKNOWN/unsupported_variant];glpK:p.Glu454fs[UNKNOWN/unsupported_variant]
