gene,mutation,carriers,resistant,susceptible,PPV_percent,WHO_grade,MIC_distribution
Rv0678,p.Asp47fs,19,4,15,21.1,LoF-G1,0.06:4; 0.12:3; 0.25:8; 0.5:3; 1.0:1
Rv0678,p.Met146Thr,11,0,11,0.0,G2,0.03:1; 0.06:2; 0.12:7; 0.25:1
Rv0678,p.Cys46fs,8,1,7,12.5,LoF-G1,0.12:2; 0.25:5; 0.5:1
Rv0678,p.Arg90Cys,7,1,6,14.3,-,0.06:1; 0.12:2; 0.25:3; 0.5:1
Rv0678,p.Gln51Arg,3,1,2,33.3,-,0.25:2; 0.5:1
Rv0678,p.Gly155fs,3,2,1,66.7,LoF-G1,0.12:1; 0.5:2
Rv0678,p.Leu117Arg,3,0,3,0.0,G1,0.06:1; 0.25:2
atpE,p.Glu61Asp,3,1,2,33.3,G2,0.12:1; 0.25:1; 2.0:1
Rv0678,p.Ala36Val,2,2,0,100.0,G2,0.5:2
Rv0678,p.Ile108Thr,2,0,2,0.0,-,0.12:1; 0.25:1
Rv0678,p.Met139Ile,2,0,2,0.0,-,0.06:1; 0.25:1
Rv0678,p.Pro48Leu,2,1,1,50.0,-,0.25:1; 0.5:1
Rv0678,p.Tyr92fs,2,1,1,50.0,LoF-G1,0.25:1; 0.5:1
pepQ,p.Val273fs,2,1,1,50.0,-,0.25:1; 1.0:1
Rv0678,p.Ala36fs,1,1,0,100.0,LoF-G1,0.5:1
Rv0678,p.Ala59Val,1,0,1,0.0,-,0.12:1
Rv0678,p.Arg109fs,1,1,0,100.0,LoF-G1,1.0:1
Rv0678,p.Arg72Trp,1,0,1,0.0,-,0.06:1
Rv0678,p.Arg96Trp,1,0,1,0.0,-,0.12:1
Rv0678,p.Asn70Asp,1,0,1,0.0,G2,0.25:1
Rv0678,p.Asn70Lys,1,0,1,0.0,-,0.03:1
Rv0678,p.Asp5fs,1,1,0,100.0,LoF-G1,0.5:1
Rv0678,p.Cys46Arg,1,0,1,0.0,G2,0.25:1
Rv0678,p.Cys46Gly,1,0,1,0.0,-,0.25:1
Rv0678,p.Gln115*,1,0,1,0.0,G2,0.12:1
Rv0678,p.Gly121Arg,1,1,0,100.0,G1,0.5:1
Rv0678,p.Ile67Leu,1,1,0,100.0,-,0.5:1
Rv0678,p.Ile67Ser,1,1,0,100.0,G2,0.5:1
Rv0678,p.Ile80Ser,1,0,1,0.0,-,0.03:1
Rv0678,p.Leu136Pro,1,1,0,100.0,-,0.5:1
Rv0678,p.Leu32Ser,1,0,1,0.0,G2,0.12:1
Rv0678,p.Leu40Ser,1,0,1,0.0,-,0.06:1
Rv0678,p.Leu74Val,1,0,1,0.0,-,0.25:1
Rv0678,p.Met10Ile,1,0,1,0.0,-,0.12:1
Rv0678,p.Met17Val,1,0,1,0.0,-,0.03:1
Rv0678,p.Phe19Ser,1,1,0,100.0,-,0.5:1
Rv0678,p.Ser52Pro,1,0,1,0.0,-,0.06:1
Rv0678,p.Ser68Asn,1,1,0,100.0,-,0.5:1
Rv0678,p.Ser68Gly,1,0,1,0.0,-,0.12:1
Rv0678,p.Thr58Pro,1,0,1,0.0,-,0.06:1
Rv0678,p.Trp42Arg,1,0,1,0.0,-,0.25:1
Rv0678,p.Tyr26Cys,1,0,1,0.0,-,0.25:1
atpE,p.Ala18Ser,1,0,1,0.0,-,0.06:1
mtrA,p.Ala134Val,1,0,1,0.0,-,0.06:1
mtrA,p.Glu129Asp,1,0,1,0.0,-,0.03:1
mtrA,p.Gly36Cys,1,0,1,0.0,-,<=0.008:1
mtrA,p.Pro50Ala,1,0,1,0.0,-,0.06:1
pepQ,p.His100fs,1,0,1,0.0,-,0.25:1
pepQ,p.Met180Thr,1,0,1,0.0,-,<=0.015:1
pepQ,p.Met180Val,1,0,1,0.0,-,0.06:1
