unique_id,bdq_mic,variants
site.02.subj.0364.lab.231002-14.iso.1,>2,mmpL5:p.Ile948Val; mtrB:p.Met517Leu
site.03.subj.GB-85160118.lab.IML-02002.iso.1,>1,mmpL5:p.Asp767Asn; mmpL5:p.Ile948Val; mmpL5:p.Thr794Ile; mtrB:p.Met517Leu; mtrB:p.Pro18Ser
site.04.subj.00433.lab.703904.iso.1,>2,mmpL5:p.Ile948Val; mmpL5:p.Thr794Ile; mtrB:p.Met517Leu; mtrB:p.Pro18Ser
site.04.subj.00753.lab.705331.iso.1,>2,mmpL5:p.Ile948Val; mmpL5:p.Thr794Ile; mtrB:p.Met517Leu; mtrB:p.Pro18Ser
site.05.subj.CA-0962.lab.CO-15165-18.iso.1,>1,mmpL5:p.Ile948Val; mtrB:p.Met517Leu
site.06.subj.IR14.lab.06MIL1838.iso.1,>1,mmpL5:p.Ile948Val; mtrB:p.Met517Leu
site.06.subj.IR33.lab.06MIL1857.iso.1,>1,mmpL5:p.Ile948Val; mtrB:p.Met517Leu
site.10.subj.YA00026182.lab.YA00026182.iso.1,>2,mmpL5:p.Ile948Val; mtrB:p.Met517Leu
site.14.subj.4247.lab.4247.iso.1,>2,glpK:p.Thr117Ile; mmpL5:p.Ile948Val; mtrB:p.Met517Leu
site.10.subj.YA00015979.lab.YA00015979.iso.1,2.0,glpK:p.Glu454fs; mmpL5:c.1065G>T; mmpL5:p.Ile948Val; mtrB:p.Met517Leu
site.06.subj.06TB_1030.lab.06MIL2035.iso.1,1.0,mmpL5:p.Ile948Val; mtrB:p.Met517Leu
site.06.subj.AF11681.lab.06MIL1559.iso.1,1.0,mmpL5:p.Ile948Val; mmpL5:p.Thr794Ile; mtrB:p.Met517Leu; mtrB:p.Pro18Ser
site.06.subj.D156716.lab.06MIL1347.iso.1,1.0,glpK:c.1134C>T; glpK:c.510C>T; mmpL5:p.Ile948Val; mmpL5:p.Thr794Ile; mtrB:p.Met517Leu
site.08.subj.02TB1949.lab.22656.iso.1,1.0,mmpL5:p.Ile948Val; mmpL5:p.Thr794Ile; mtrB:p.Met517Leu
site.10.subj.BC01599194.lab.BC01599194.iso.1,1.0,glpK:c.1102C>T; glpK:c.1134C>T; mmpL5:p.Ile948Val; mmpL5:p.Thr794Ile; mtrB:p.Met517Leu
site.10.subj.XD02481495.lab.XD02481495.iso.1,1.0,Rv0678:p.Ala99Pro; Rv1979c:p.Arg409Gln; mmpL5:p.Ile948Val; mmpL5:p.Thr794Ile; mtrB:p.Met517Leu
site.10.subj.YA00127802.lab.YA00127802.iso.1,1.0,glpK:c.1102C>T; glpK:c.1134C>T; mmpL5:p.Ile948Val; mmpL5:p.Thr794Ile; mtrB:p.Met517Leu
site.10.subj.YA00131246.lab.YA00131246.iso.1,1.0,mmpL5:p.Asp767Asn; mmpL5:p.Ile948Val; mmpL5:p.Thr794Ile; mtrB:p.Met517Leu; mtrB:p.Pro18Ser
site.10.subj.YA00134729.lab.YA00134729.iso.1,1.0,Rv0678:p.Ser64fs; Rv1979c:p.Arg409Gln; mmpL5:p.Ile948Val; mmpL5:p.Thr794Ile; mtrB:p.Met517Leu
