gene,mutation_id,mutation,pos,ref,alt,region_type,evo_delta,scenario,boltz_metric_context,ptm_export,iptm_export,plddt,raw_ptm,raw_iptm,resistance_label,functional_state,evidence_code,final_status,paper_use
Rv0678,12616,V1E,2,T,A,CDS,-7.119140625,PROTEIN_DNA,ptm_iptm_plddt,0.4097752571105957,0.4097752571105957,0.829608678817749,0.4097752571105957,0.4097752571105957,RESISTANT,LOSS_OF_FUNCTION,NEGATIVE_LOF_REVIEWED,LOSS_OF_FUNCTION,structural review evidence with pTM/ipTM/pLDDT
Rv0678,12668,V7L,19,G,C,CDS,-6.489013671875,PROTEIN_DNA,ptm_iptm_plddt,0.7286245226860046,0.7286245226860046,0.8079285025596619,0.7286245226860046,0.7286245226860046,RESISTANT,LOSS_OF_FUNCTION,NEGATIVE_LOF_REVIEWED,LOSS_OF_FUNCTION,structural review evidence with pTM/ipTM/pLDDT
Rv0678,12681,D8V,23,A,T,CDS,-6.9112548828125,PROTEIN_DNA,ptm_iptm_plddt,0.6007418036460876,0.6007418036460876,0.8471472859382629,0.6007418036460876,0.6007418036460876,SENSITIVE,INTACT,NEGATIVE_FUNCTION_RETAINED,COMPLETED,structural review evidence with pTM/ipTM/pLDDT
Rv0678,12779,F19S,56,T,C,CDS,-6.43359375,PROTEIN_DNA,ptm_iptm_plddt,0.7350517511367798,0.7350517511367798,0.8525428175926208,0.7350517511367798,0.7350517511367798,SENSITIVE,INTACT,NEGATIVE_FUNCTION_RETAINED,COMPLETED,structural review evidence with pTM/ipTM/pLDDT
Rv0678,12781,F19L,57,C,A,CDS,-6.74627685546875,PROTEIN_DNA,ptm_iptm_plddt,0.580402672290802,0.580402672290802,0.8409154415130615,0.580402672290802,0.580402672290802,SENSITIVE,INTACT,NEGATIVE_FUNCTION_RETAINED,COMPLETED,structural review evidence with pTM/ipTM/pLDDT
Rv0678,12786,V20F,58,G,T,CDS,-6.6322021484375,PROTEIN_DNA,ptm_iptm_plddt,0.6872680187225342,0.6872680187225342,0.8575751185417175,0.6872680187225342,0.6872680187225342,SENSITIVE,INTACT,NEGATIVE_FUNCTION_RETAINED,COMPLETED,structural review evidence with pTM/ipTM/pLDDT
Rv0678,12889,S31R,93,T,A,CDS,-7.79510498046875,PROTEIN_DNA,ptm_iptm_plddt,0.8033732175827026,0.8033732175827026,0.8678732514381409,0.8033732175827026,0.8033732175827026,SENSITIVE,INTACT,NEGATIVE_FUNCTION_RETAINED,COMPLETED,structural review evidence with pTM/ipTM/pLDDT
Rv0678,12891,S31R,93,T,G,CDS,-7.11114501953125,PROTEIN_DNA,ptm_iptm_plddt,0.8033732175827026,0.8033732175827026,0.8678732514381409,0.8033732175827026,0.8033732175827026,SENSITIVE,INTACT,NEGATIVE_FUNCTION_RETAINED,COMPLETED,structural review evidence with pTM/ipTM/pLDDT
Rv0678,12902,T33A,97,A,G,CDS,-6.9290771484375,PROTEIN_DNA,ptm_iptm_plddt,0.4793594777584076,0.4793594777584076,0.7828889489173889,0.4793594777584076,0.4793594777584076,RESISTANT,LOSS_OF_FUNCTION,NEGATIVE_LOF_REVIEWED,LOSS_OF_FUNCTION,structural review evidence with pTM/ipTM/pLDDT
Rv0678,12941,G37A,110,G,C,CDS,-6.4287109375,PROTEIN_DNA,ptm_iptm_plddt,0.5593099594116211,0.5593099594116211,0.8554110527038574,0.5593099594116211,0.5593099594116211,SENSITIVE,INTACT,NEGATIVE_FUNCTION_RETAINED,COMPLETED,structural review evidence with pTM/ipTM/pLDDT
Rv0678,13066,Q51P,152,A,C,CDS,-6.719482421875,PROTEIN_DNA,ptm_iptm_plddt,0.5369388461112976,0.5369388461112976,0.7803471088409424,0.5369388461112976,0.5369388461112976,RESISTANT,LOSS_OF_FUNCTION,NEGATIVE_LOF_REVIEWED,LOSS_OF_FUNCTION,structural review evidence with pTM/ipTM/pLDDT
Rv0678,13108,L56M,166,C,A,CDS,-6.45318603515625,PROTEIN_DNA,ptm_iptm_plddt,0.5660827159881592,0.5660827159881592,0.8379279971122742,0.5660827159881592,0.5660827159881592,SENSITIVE,INTACT,NEGATIVE_FUNCTION_RETAINED,COMPLETED,structural review evidence with pTM/ipTM/pLDDT
Rv0678,13121,A57G,170,C,G,CDS,-7.0185546875,PROTEIN_DNA,ptm_iptm_plddt,0.8136074542999268,0.8136074542999268,0.8924573063850403,0.8136074542999268,0.8136074542999268,SENSITIVE,INTACT,NEGATIVE_FUNCTION_RETAINED,COMPLETED,structural review evidence with pTM/ipTM/pLDDT
Rv0678,13131,T58M,173,C,T,CDS,-6.70550537109375,PROTEIN_DNA,ptm_iptm_plddt,0.6990398168563843,0.6990398168563843,0.793790876865387,0.6990398168563843,0.6990398168563843,RESISTANT,LOSS_OF_FUNCTION,NEGATIVE_LOF_REVIEWED,LOSS_OF_FUNCTION,structural review evidence with pTM/ipTM/pLDDT
Rv0678,13220,S68T,203,G,C,CDS,-7.999755859375,PROTEIN_DNA,ptm_iptm_plddt,0.7341935038566589,0.7341935038566589,0.811285674571991,0.7341935038566589,0.7341935038566589,RESISTANT,LOSS_OF_FUNCTION,NEGATIVE_LOF_REVIEWED,LOSS_OF_FUNCTION,structural review evidence with pTM/ipTM/pLDDT
Rv0678,13247,A71G,212,C,G,CDS,-7.77960205078125,PROTEIN_DNA,ptm_iptm_plddt,0.7365460991859436,0.7365460991859436,0.8477738499641418,0.7365460991859436,0.7365460991859436,SENSITIVE,INTACT,NEGATIVE_FUNCTION_RETAINED,COMPLETED,structural review evidence with pTM/ipTM/pLDDT
Rv0678,13443,F93V,277,T,G,CDS,-7.21490478515625,PROTEIN_DNA,ptm_iptm_plddt,0.6938629746437073,0.6938629746437073,0.8538588285446167,0.6938629746437073,0.6938629746437073,SENSITIVE,INTACT,NEGATIVE_FUNCTION_RETAINED,COMPLETED,structural review evidence with pTM/ipTM/pLDDT
Rv0678,13454,R94P,281,G,C,CDS,-6.77716064453125,PROTEIN_DNA,ptm_iptm_plddt,0.661586344242096,0.661586344242096,0.8694310784339905,0.661586344242096,0.661586344242096,SENSITIVE,INTACT,NEGATIVE_FUNCTION_RETAINED,COMPLETED,structural review evidence with pTM/ipTM/pLDDT
Rv0678,13455,R94L,281,G,T,CDS,-6.697021484375,PROTEIN_DNA,ptm_iptm_plddt,0.4744483530521393,0.4744483530521393,0.8159353137016296,0.4744483530521393,0.4744483530521393,RESISTANT,LOSS_OF_FUNCTION,NEGATIVE_LOF_REVIEWED,LOSS_OF_FUNCTION,structural review evidence with pTM/ipTM/pLDDT
Rv0678,13470,R96W,286,C,T,CDS,-6.49871826171875,PROTEIN_DNA,ptm_iptm_plddt,0.512485146522522,0.512485146522522,0.8289613723754883,0.512485146522522,0.512485146522522,RESISTANT,LOSS_OF_FUNCTION,NEGATIVE_LOF_REVIEWED,LOSS_OF_FUNCTION,structural review evidence with pTM/ipTM/pLDDT
Rv0678,13667,A118P,352,G,C,CDS,-7.7598876953125,PROTEIN_DNA,ptm_iptm_plddt,0.8524933457374573,0.8524933457374573,0.8915262818336487,0.8524933457374573,0.8524933457374573,SENSITIVE,INTACT,NEGATIVE_FUNCTION_RETAINED,COMPLETED,structural review evidence with pTM/ipTM/pLDDT
Rv0678,13696,G121E,362,G,A,CDS,-7.10711669921875,PROTEIN_DNA,ptm_iptm_plddt,0.8295262455940247,0.8295262455940247,0.8777500987052917,0.8295262455940247,0.8295262455940247,SENSITIVE,INTACT,NEGATIVE_FUNCTION_RETAINED,COMPLETED,structural review evidence with pTM/ipTM/pLDDT
Rv0678,13732,L125Q,374,T,A,CDS,-7.9134521484375,PROTEIN_DNA,ptm_iptm_plddt,0.567805290222168,0.567805290222168,0.8554620146751404,0.567805290222168,0.567805290222168,SENSITIVE,INTACT,NEGATIVE_FUNCTION_RETAINED,COMPLETED,structural review evidence with pTM/ipTM/pLDDT
Rv0678,13749,D127Y,379,G,T,CDS,-6.78997802734375,PROTEIN_DNA,ptm_iptm_plddt,0.45418545603752136,0.45418545603752136,0.8085627555847168,0.45418545603752136,0.45418545603752136,RESISTANT,LOSS_OF_FUNCTION,NEGATIVE_LOF_REVIEWED,LOSS_OF_FUNCTION,structural review evidence with pTM/ipTM/pLDDT
Rv0678,13797,R132L,395,G,T,CDS,-7.77703857421875,PROTEIN_DNA,ptm_iptm_plddt,0.4662458002567291,0.4662458002567291,0.8037874698638916,0.4662458002567291,0.4662458002567291,RESISTANT,LOSS_OF_FUNCTION,NEGATIVE_LOF_REVIEWED,LOSS_OF_FUNCTION,structural review evidence with pTM/ipTM/pLDDT
Rv0678,13820,R135G,403,C,G,CDS,-6.8555908203125,PROTEIN_DNA,ptm_iptm_plddt,0.7668612003326416,0.7668612003326416,0.8353917598724365,0.7668612003326416,0.7668612003326416,SENSITIVE,INTACT,NEGATIVE_FUNCTION_RETAINED,COMPLETED,structural review evidence with pTM/ipTM/pLDDT
Rv0678,13823,R135P,404,G,C,CDS,-6.5831298828125,PROTEIN_DNA,ptm_iptm_plddt,0.6568062901496887,0.6568062901496887,0.7952923774719238,0.6568062901496887,0.6568062901496887,RESISTANT,LOSS_OF_FUNCTION,NEGATIVE_LOF_REVIEWED,LOSS_OF_FUNCTION,structural review evidence with pTM/ipTM/pLDDT
Rv0678,13839,R137W,409,C,T,CDS,-6.9989013671875,PROTEIN_DNA,ptm_iptm_plddt,0.718672513961792,0.718672513961792,0.8528731465339661,0.718672513961792,0.718672513961792,SENSITIVE,INTACT,NEGATIVE_FUNCTION_RETAINED,COMPLETED,structural review evidence with pTM/ipTM/pLDDT
Rv0678,13860,M139R,416,T,G,CDS,-7.16876220703125,PROTEIN_DNA,ptm_iptm_plddt,0.6171016693115234,0.6171016693115234,0.8066966533660889,0.6171016693115234,0.6171016693115234,RESISTANT,LOSS_OF_FUNCTION,NEGATIVE_LOF_REVIEWED,LOSS_OF_FUNCTION,structural review evidence with pTM/ipTM/pLDDT
Rv0678,13866,R140W,418,C,T,CDS,-7.9300537109375,PROTEIN_DNA,ptm_iptm_plddt,0.5976536273956299,0.5976536273956299,0.8340423703193665,0.5976536273956299,0.5976536273956299,SENSITIVE,INTACT,NEGATIVE_FUNCTION_RETAINED,COMPLETED,structural review evidence with pTM/ipTM/pLDDT
atpE,20463,M1I,3,G,T,CDS,-1.66229248046875,PROTEIN_LIGAND,ptm_iptm_plddt,0.9404545426368713,0.9404545426368713,0.9614428281784058,0.9404545426368713,0.9404545426368713,UNKNOWN,INTACT,POSITIVE_REVIEWED_NO_ESCAPE_EVIDENCE,COMPLETED,structural review evidence with pTM/ipTM/pLDDT
atpE,20514,A7V,20,C,T,CDS,-1.729034423828125,PROTEIN_LIGAND,ptm_iptm_plddt,0.9224071502685547,0.9224071502685547,0.9587584733963013,0.9224071502685547,0.9224071502685547,UNKNOWN,INTACT,POSITIVE_REVIEWED_NO_ESCAPE_EVIDENCE,COMPLETED,structural review evidence with pTM/ipTM/pLDDT
atpE,20518,G8S,22,G,A,CDS,-1.8100738525390625,PROTEIN_LIGAND,ptm_iptm_plddt,0.9216011166572571,0.9216011166572571,0.9583455920219421,0.9216011166572571,0.9216011166572571,UNKNOWN,INTACT,POSITIVE_REVIEWED_NO_ESCAPE_EVIDENCE,COMPLETED,structural review evidence with pTM/ipTM/pLDDT
atpE,20600,M17V,49,A,G,CDS,-1.6484832763671875,PROTEIN_LIGAND,ptm_iptm_plddt,0.9407215714454651,0.9407215714454651,0.9558811783790588,0.9407215714454651,0.9407215714454651,UNKNOWN,INTACT,POSITIVE_REVIEWED_NO_ESCAPE_EVIDENCE,COMPLETED,structural review evidence with pTM/ipTM/pLDDT
atpE,20607,M17I,51,G,T,CDS,-1.658416748046875,PROTEIN_LIGAND,ptm_iptm_plddt,0.9303480982780457,0.9303480982780457,0.9586912393569946,0.9303480982780457,0.9303480982780457,UNKNOWN,INTACT,POSITIVE_REVIEWED_NO_ESCAPE_EVIDENCE,COMPLETED,structural review evidence with pTM/ipTM/pLDDT
atpE,20630,G20A,59,G,C,CDS,-4.401458740234375,PROTEIN_LIGAND,ptm_iptm_plddt,0.9318604469299316,0.9318604469299316,0.9608184099197388,0.9318604469299316,0.9318604469299316,UNKNOWN,INTACT,POSITIVE_REVIEWED_NO_ESCAPE_EVIDENCE,COMPLETED,structural review evidence with pTM/ipTM/pLDDT
atpE,20747,N33S,98,A,G,CDS,-1.8948516845703125,PROTEIN_LIGAND,ptm_iptm_plddt,0.9276970624923706,0.9276970624923706,0.95292729139328,0.9276970624923706,0.9276970624923706,UNKNOWN,INTACT,POSITIVE_REVIEWED_NO_ESCAPE_EVIDENCE,COMPLETED,structural review evidence with pTM/ipTM/pLDDT
atpE,20754,A34S,100,G,T,CDS,-4.158538818359375,PROTEIN_LIGAND,ptm_iptm_plddt,0.9194408059120178,0.9194408059120178,0.9595401287078857,0.9194408059120178,0.9194408059120178,UNKNOWN,INTACT,POSITIVE_REVIEWED_NO_ESCAPE_EVIDENCE,COMPLETED,structural review evidence with pTM/ipTM/pLDDT
atpE,20761,L35I,103,C,A,CDS,-4.3134307861328125,PROTEIN_LIGAND,ptm_iptm_plddt,0.9412604570388794,0.9412604570388794,0.9606411457061768,0.9412604570388794,0.9412604570388794,UNKNOWN,INTACT,POSITIVE_REVIEWED_NO_ESCAPE_EVIDENCE,COMPLETED,structural review evidence with pTM/ipTM/pLDDT
atpE,20914,P52T,154,C,A,CDS,-4.2769775390625,PROTEIN_LIGAND,ptm_iptm_plddt,0.9274154901504517,0.9274154901504517,0.9497362375259399,0.9274154901504517,0.9274154901504517,UNKNOWN,INTACT,POSITIVE_REVIEWED_NO_ESCAPE_EVIDENCE,COMPLETED,structural review evidence with pTM/ipTM/pLDDT
atpE,21085,M71L,211,A,C,CDS,-4.189727783203125,PROTEIN_LIGAND,ptm_iptm_plddt,0.9348284006118774,0.9348284006118774,0.9570152163505554,0.9348284006118774,0.9348284006118774,UNKNOWN,INTACT,POSITIVE_REVIEWED_NO_ESCAPE_EVIDENCE,COMPLETED,structural review evidence with pTM/ipTM/pLDDT
atpE,21166,V80I,238,G,A,CDS,-1.803375244140625,PROTEIN_LIGAND,ptm_iptm_plddt,0.9436696171760559,0.9436696171760559,0.9625419974327087,0.9436696171760559,0.9436696171760559,UNKNOWN,INTACT,POSITIVE_REVIEWED_NO_ESCAPE_EVIDENCE,COMPLETED,structural review evidence with pTM/ipTM/pLDDT
atpE,21178,K81T,242,A,C,CDS,-1.7189178466796875,PROTEIN_LIGAND,ptm_iptm_plddt,0.9182432293891907,0.9182432293891907,0.9643773436546326,0.9182432293891907,0.9182432293891907,UNKNOWN,INTACT,POSITIVE_REVIEWED_NO_ESCAPE_EVIDENCE,COMPLETED,structural review evidence with pTM/ipTM/pLDDT
atpE,21180,K81M,242,A,T,CDS,-4.31549072265625,PROTEIN_LIGAND,ptm_iptm_plddt,0.9188186526298523,0.9188186526298523,0.9502573013305664,0.9188186526298523,0.9188186526298523,UNKNOWN,INTACT,POSITIVE_REVIEWED_NO_ESCAPE_EVIDENCE,COMPLETED,structural review evidence with pTM/ipTM/pLDDT
pepQ,27739,D20A,59,A,C,CDS,-7.2916259765625,FOLDING_ONLY,folding_only_plddt_primary,,,0.9638961553573608,0.0,0.0,SENSITIVE,INTACT,NEGATIVE_FUNCTION_RETAINED,COMPLETED,folding-only pLDDT retained-function evidence; pTM/ipTM not applicable
pepQ,27920,N40S,119,A,G,CDS,-7.324951171875,FOLDING_ONLY,folding_only_plddt_primary,,,0.9639827013015747,0.0,0.0,SENSITIVE,INTACT,NEGATIVE_FUNCTION_RETAINED,COMPLETED,folding-only pLDDT retained-function evidence; pTM/ipTM not applicable
pepQ,27974,F46S,137,T,C,CDS,-7.29791259765625,FOLDING_ONLY,folding_only_plddt_primary,,,0.9599753618240356,0.0,0.0,SENSITIVE,INTACT,NEGATIVE_FUNCTION_RETAINED,COMPLETED,folding-only pLDDT retained-function evidence; pTM/ipTM not applicable
pepQ,28496,V104A,311,T,C,CDS,-7.359619140625,FOLDING_ONLY,folding_only_plddt_primary,,,0.9664917588233948,0.0,0.0,SENSITIVE,INTACT,NEGATIVE_FUNCTION_RETAINED,COMPLETED,folding-only pLDDT retained-function evidence; pTM/ipTM not applicable
pepQ,28620,N118Y,352,A,T,CDS,-7.338623046875,FOLDING_ONLY,folding_only_plddt_primary,,,0.9657847285270691,0.0,0.0,SENSITIVE,INTACT,NEGATIVE_FUNCTION_RETAINED,COMPLETED,folding-only pLDDT retained-function evidence; pTM/ipTM not applicable
pepQ,28684,S125Y,374,C,A,CDS,-7.35540771484375,FOLDING_ONLY,folding_only_plddt_primary,,,0.9600014090538025,0.0,0.0,SENSITIVE,INTACT,NEGATIVE_FUNCTION_RETAINED,COMPLETED,folding-only pLDDT retained-function evidence; pTM/ipTM not applicable
pepQ,28814,E139D,417,G,C,CDS,-7.6724853515625,FOLDING_ONLY,folding_only_plddt_primary,,,0.9583093523979187,0.0,0.0,SENSITIVE,INTACT,NEGATIVE_FUNCTION_RETAINED,COMPLETED,folding-only pLDDT retained-function evidence; pTM/ipTM not applicable
pepQ,28919,D151G,452,A,G,CDS,-7.71484375,FOLDING_ONLY,folding_only_plddt_primary,,,0.9650724530220032,0.0,0.0,SENSITIVE,INTACT,NEGATIVE_FUNCTION_RETAINED,COMPLETED,folding-only pLDDT retained-function evidence; pTM/ipTM not applicable
pepQ,28928,A152G,455,C,G,CDS,-7.67010498046875,FOLDING_ONLY,folding_only_plddt_primary,,,0.9637491106987,0.0,0.0,SENSITIVE,INTACT,NEGATIVE_FUNCTION_RETAINED,COMPLETED,folding-only pLDDT retained-function evidence; pTM/ipTM not applicable
pepQ,28943,L154V,460,C,G,CDS,-7.3553466796875,FOLDING_ONLY,folding_only_plddt_primary,,,0.9628252983093262,0.0,0.0,SENSITIVE,INTACT,NEGATIVE_FUNCTION_RETAINED,COMPLETED,folding-only pLDDT retained-function evidence; pTM/ipTM not applicable
pepQ,28964,D156G,467,A,G,CDS,-7.7135009765625,FOLDING_ONLY,folding_only_plddt_primary,,,0.9648250341415405,0.0,0.0,SENSITIVE,INTACT,NEGATIVE_FUNCTION_RETAINED,COMPLETED,folding-only pLDDT retained-function evidence; pTM/ipTM not applicable
pepQ,29015,G162R,484,G,C,CDS,-7.32904052734375,FOLDING_ONLY,folding_only_plddt_primary,,,0.9622278809547424,0.0,0.0,SENSITIVE,INTACT,NEGATIVE_FUNCTION_RETAINED,COMPLETED,folding-only pLDDT retained-function evidence; pTM/ipTM not applicable
pepQ,29016,G162C,484,G,T,CDS,-7.34246826171875,FOLDING_ONLY,folding_only_plddt_primary,,,0.9643096923828125,0.0,0.0,SENSITIVE,INTACT,NEGATIVE_FUNCTION_RETAINED,COMPLETED,folding-only pLDDT retained-function evidence; pTM/ipTM not applicable
pepQ,29091,R170L,509,G,T,CDS,-7.661865234375,FOLDING_ONLY,folding_only_plddt_primary,,,0.9655364751815796,0.0,0.0,SENSITIVE,INTACT,NEGATIVE_FUNCTION_RETAINED,COMPLETED,folding-only pLDDT retained-function evidence; pTM/ipTM not applicable
pepQ,29099,Q171R,512,A,G,CDS,-7.662841796875,FOLDING_ONLY,folding_only_plddt_primary,,,0.9640364050865173,0.0,0.0,SENSITIVE,INTACT,NEGATIVE_FUNCTION_RETAINED,COMPLETED,folding-only pLDDT retained-function evidence; pTM/ipTM not applicable
pepQ,29222,A185P,553,G,C,CDS,-7.344970703125,FOLDING_ONLY,folding_only_plddt_primary,,,0.9632160067558289,0.0,0.0,SENSITIVE,INTACT,NEGATIVE_FUNCTION_RETAINED,COMPLETED,folding-only pLDDT retained-function evidence; pTM/ipTM not applicable
pepQ,29311,A195T,583,G,A,CDS,-7.3392333984375,FOLDING_ONLY,folding_only_plddt_primary,,,0.9620431661605835,0.0,0.0,SENSITIVE,INTACT,NEGATIVE_FUNCTION_RETAINED,COMPLETED,folding-only pLDDT retained-function evidence; pTM/ipTM not applicable
pepQ,29356,S200T,598,T,A,CDS,-7.3238525390625,FOLDING_ONLY,folding_only_plddt_primary,,,0.9623361229896545,0.0,0.0,SENSITIVE,INTACT,NEGATIVE_FUNCTION_RETAINED,COMPLETED,folding-only pLDDT retained-function evidence; pTM/ipTM not applicable
pepQ,29577,A224V,671,C,T,CDS,-7.3094482421875,FOLDING_ONLY,folding_only_plddt_primary,,,0.960121750831604,0.0,0.0,SENSITIVE,INTACT,NEGATIVE_FUNCTION_RETAINED,COMPLETED,folding-only pLDDT retained-function evidence; pTM/ipTM not applicable
pepQ,29630,H230R,689,A,G,CDS,-7.32958984375,FOLDING_ONLY,folding_only_plddt_primary,,,0.9632319211959839,0.0,0.0,SENSITIVE,INTACT,NEGATIVE_FUNCTION_RETAINED,COMPLETED,folding-only pLDDT retained-function evidence; pTM/ipTM not applicable
pepQ,29650,D232E,696,T,A,CDS,-7.68133544921875,FOLDING_ONLY,folding_only_plddt_primary,,,0.9615670442581177,0.0,0.0,SENSITIVE,INTACT,NEGATIVE_FUNCTION_RETAINED,COMPLETED,folding-only pLDDT retained-function evidence; pTM/ipTM not applicable
pepQ,29684,T236S,707,C,G,CDS,-7.28662109375,FOLDING_ONLY,folding_only_plddt_primary,,,0.960278332233429,0.0,0.0,SENSITIVE,INTACT,NEGATIVE_FUNCTION_RETAINED,COMPLETED,folding-only pLDDT retained-function evidence; pTM/ipTM not applicable
pepQ,29801,I249T,746,T,C,CDS,-7.6600341796875,FOLDING_ONLY,folding_only_plddt_primary,,,0.9648568034172058,0.0,0.0,SENSITIVE,INTACT,NEGATIVE_FUNCTION_RETAINED,COMPLETED,folding-only pLDDT retained-function evidence; pTM/ipTM not applicable
pepQ,29833,V253M,757,G,A,CDS,-7.31842041015625,FOLDING_ONLY,folding_only_plddt_primary,,,0.9607114195823669,0.0,0.0,SENSITIVE,INTACT,NEGATIVE_FUNCTION_RETAINED,COMPLETED,folding-only pLDDT retained-function evidence; pTM/ipTM not applicable
pepQ,29961,G267C,799,G,T,CDS,-7.651123046875,FOLDING_ONLY,folding_only_plddt_primary,,,0.9612494707107544,0.0,0.0,SENSITIVE,INTACT,NEGATIVE_FUNCTION_RETAINED,COMPLETED,folding-only pLDDT retained-function evidence; pTM/ipTM not applicable
pepQ,30272,Q301H,903,G,C,CDS,-7.33489990234375,FOLDING_ONLY,folding_only_plddt_primary,,,0.9619631171226501,0.0,0.0,SENSITIVE,INTACT,NEGATIVE_FUNCTION_RETAINED,COMPLETED,folding-only pLDDT retained-function evidence; pTM/ipTM not applicable
pepQ,30429,G319C,955,G,T,CDS,-7.661865234375,FOLDING_ONLY,folding_only_plddt_primary,,,0.9616982340812683,0.0,0.0,SENSITIVE,INTACT,NEGATIVE_FUNCTION_RETAINED,COMPLETED,folding-only pLDDT retained-function evidence; pTM/ipTM not applicable
pepQ,30464,T323A,967,A,G,CDS,-7.695068359375,FOLDING_ONLY,folding_only_plddt_primary,,,0.9645044207572937,0.0,0.0,SENSITIVE,INTACT,NEGATIVE_FUNCTION_RETAINED,COMPLETED,folding-only pLDDT retained-function evidence; pTM/ipTM not applicable
pepQ,30657,V344G,1031,T,G,CDS,-7.677978515625,FOLDING_ONLY,folding_only_plddt_primary,,,0.9639400243759155,0.0,0.0,SENSITIVE,INTACT,NEGATIVE_FUNCTION_RETAINED,COMPLETED,folding-only pLDDT retained-function evidence; pTM/ipTM not applicable
pepQ,30878,L369V,1105,C,G,CDS,-7.71221923828125,FOLDING_ONLY,folding_only_plddt_primary,,,0.9640077948570251,0.0,0.0,SENSITIVE,INTACT,NEGATIVE_FUNCTION_RETAINED,COMPLETED,folding-only pLDDT retained-function evidence; pTM/ipTM not applicable
